date,gdp,gnp,potential_gdp,real_gdp,real_gnp,real_potential_gdp,real_gdp_nfb,potential_lf,potential_lf_prod,potential_lfpr,noncyclical_rate_of_unemployment,output_gap,nfb_real_potential_gdp,nfb_potential_hrs_worked,nfb_index_capital_services,nfb_potential_tfp,nfb_potential_lab_prod,nfb_capital_share,pce_price_index,core_pce_price_index,pce_medical_price_index,cpiu,core_cpiu,chained_cpiu,cpiu_medical_price_index,gdp_price_index,eci_wages_salaries,oil_rac_imported,oil_rac_composite,oil_price_wti_spot,nat_gas_price_henry_hub,house_price_index_fhfa,exchange_rate_export_weighted,unemployment_rate,labor_force_census,labor_force,lfpr_16yo_census,lfpr_16yo,empl_civ_16yo_census,empl_civ_16yo,empl_payroll_nf,output_per_hr_nfb,hours_nfb,population_civ_16yo_census,population_civ_16yo,households,treasury_note_rate_10yr,treasury_bill_rate_3mo,fed_funds_rate,gdi,personal_income,compensation,wages_and_salaries,nonwage_income,prop_inc_farm_adj,prop_inc_nonfarm_adj,rental_inc_adj,interest_inc_pers,dividend_inc_pers,corp_profits_adj,corp_profits_domestic_adj,pce,gross_pri_dom_invest,nonres_fixed_invest,res_fixed_invest,change_pri_inv,government_c_gi,federal_government_c_gi,sl_government_c_gi,net_exports,exports,imports,current_account_balance,real_pce,real_gross_pri_dom_invest,real_nonres_fixed_invest,real_res_fixed_invest,real_change_pri_invest,real_government_c_gi,real_federal_government_c_gi,real_sl_government_c_gi,real_net_exports,real_exports,real_imports
1949q1,275,276.4,273.0412268,2260.8,2277.6,2244.696747,1446.2,61.41018015,36.55251851,58.97244327,5.255052567,0.717391021,1438.479827,41.06565788,7.829142646,41.08413584,16.67600311,0.329,12.475,NA,NA,23.94333333,NA,NA,14.76666667,12.153,NA,NA,NA,NA,NA,NA,NA,4.666666667,61.49164819,60.967,59.09119177,58.85735616,58.45152528,58.142,44.46833333,23.398,41.756,104.0622914,103.5843333,NA,NA,1.17,NA,274.2,212,146.3,136.7,60.4,12.7,22.7,7.5,10.3,7.2,31,29.8,176.8,43.14,28.583,14.169,0.388,48.585,30.182,18.403,6.5,16.1,9.6,2.2,1417.4,232.885,128.638,167.044,-2.474,634.547,310.069,300.547,14.1,74.5,60.4
1949q2,271.4,272.7,274.1575324,2253.1,2269.5,2275.992396,1437.1,61.5791529,36.96043691,58.98028346,5.261515617,-1.00582039,1458.565042,41.2892843,7.909434088,41.35562982,16.8172671,0.329,12.399,NA,NA,23.91666667,NA,NA,14.8,12.078,NA,NA,NA,NA,NA,NA,NA,5.866666667,61.75000522,61.07133333,59.19023321,58.81405009,58.06717868,57.49033333,43.98633333,23.639,41.068,104.3246527,103.838,NA,NA,1.17,NA,270.7,211,144.7,135,60.3,12.1,22.8,7.7,10.5,7.2,28.7,27.5,178.4,36.241,27.476,13.913,-5.148,50.381,31.243,19.138,6.3,15.6,9.4,1.7,1439.1,201.926,123.874,164.243,-21.832,662.174,321.211,317.383,14.4,73.9,59.5
1949q3,272.9,274.2,276.7838868,2276.4,2292.4,2308.797508,1455.6,61.75026623,37.38927212,58.98826994,5.268013,-1.40321998,1478.600501,41.51756168,7.987108562,41.62891791,16.954539,0.329,12.327,NA,NA,23.71666667,NA,NA,14.86666667,11.991,NA,NA,NA,NA,NA,NA,NA,6.7,62.06566955,61.508,59.35148887,59.06998483,57.84914517,57.39033333,43.645,24.204,40.626,104.5730625,104.1273333,NA,NA,1.043333333,NA,270.9,210.4,143.6,134,60,11.6,22.6,7.9,10.8,7.1,29.9,28.8,177.8,39.549,26.112,14.744,-1.307,50.356,30.476,19.88,5.2,14.1,8.9,0.6,1442.3,218.667,118.206,178.289,-4.783,665.721,315.855,330.425,10.6,67.7,57.1
1949q4,270.6,271.8,280.5318317,2257.4,2272.1,2340.253351,1441.6,61.91334093,37.79885427,58.99650817,5.274564,-3.540358189,1498.61733,41.74371833,8.064418534,41.90401195,17.09096542,0.329,12.317,NA,NA,23.66,NA,NA,14.9,11.988,NA,NA,NA,NA,NA,NA,NA,6.966666667,62.30054986,62.03266667,59.38764825,59.40252104,58.16855119,57.70766667,43.23533333,24.073,40.452,104.9048947,104.4276667,NA,NA,1.076666667,NA,267.2,210.9,142.8,133.2,60.8,11.5,22.7,8.1,11.1,7.4,26.6,25.6,180.2,37.468,25.628,16.538,-4.699,49.91,29.79,20.121,3,12.1,9.1,-1,1463.5,207.912,116.742,200.02,-21.818,654.121,302.903,336.712,0.6,58.6,58
1950q1,280.8,282.1,284.0405773,2346.1,2361.8,2373.175208,1502.6,62.05463897,38.24331665,59.00504729,5.281182,-1.14088533,1518.529241,41.95850341,8.144964234,42.18092388,17.2293997,0.329,12.297,NA,NA,23.58666667,NA,NA,14.93333333,11.954,NA,NA,NA,NA,NA,NA,NA,6.4,62.6383281,61.65066667,59.51136379,58.86441757,58.28749191,57.70466667,43.59233333,24.899,40.769,105.2543987,104.7333333,NA,NA,1.103333333,NA,277.5,226.3,147,136.9,64.4,12.2,24,8.5,11.4,8.3,30.1,28.9,182.9,46.749,26.386,18.339,2.024,48.956,28.544,20.412,2.2,11.7,9.5,-1,1487.9,257.271,120.122,222.347,9.151,642.039,288.521,344.959,-1.9,57.7,59.6
1950q2,290.4,291.7,288.9658481,2417.7,2434.2,2405.760093,1558.8,62.15888394,38.7033991,59.01389616,5.287866,0.496304972,1538.300307,42.15152133,8.230868133,42.45966571,17.37380127,0.329,12.356,NA,NA,23.76666667,NA,NA,15,12.004,NA,NA,NA,NA,NA,NA,NA,5.566666667,62.92109798,62.22,59.60694957,59.24566989,59.31034986,58.76133333,44.72766667,25.205,41.777,105.5600034,105.0203333,NA,NA,1.153333333,NA,289.9,227.7,153.6,143,65.6,12.2,24.6,8.7,11.7,8.4,33.9,32.8,186.8,52.291,28.855,20.603,2.833,49.643,28.924,20.72,1.6,11.9,10.2,-1.2,1512.4,284.803,130.128,243.66,13.359,653.806,295.763,347.879,-4.5,58.4,62.9
1950q3,308.2,309.8,299.191977,2511.1,2530.2,2437.705949,1642.8,62.2145442,39.182252,59.02303653,5.294604,3.010783599,1557.856493,42.31481859,8.322361361,42.74024953,17.52677219,0.329,12.614,NA,NA,24.20333333,NA,NA,15.13333333,12.254,NA,NA,NA,NA,NA,NA,NA,4.633333333,62.96633653,62.35533333,59.53784721,59.24591047,59.92747177,59.45766667,46.028,25.752,43.091,105.758504,105.2483333,NA,NA,1.22,NA,307.5,236.1,162.3,151,68.5,13.1,25.4,8.8,12,9.2,38.4,37,200.5,58.641,31.91,22.555,4.177,49.746,28.428,21.319,-0.7,12.3,13,-2.7,1590,309.285,140.932,256.963,17.541,643.275,287.306,348.177,-17.7,59.9,77.6
1950q4,319.9,321.6,308.7505462,2559.2,2578.3,2470.004369,1660.9,62.22162394,39.69688049,59.03243327,5.301367,3.611152744,1577.191103,42.44816544,8.420705826,43.02268753,17.68855554,0.329,12.839,NA,NA,24.69333333,NA,NA,15.33333333,12.45,NA,NA,NA,NA,NA,NA,NA,4.233333333,62.89681246,62.26066667,59.60946938,59.30585146,60.20574011,59.643,46.781,25.799,43.49,105.5148001,104.9823333,NA,NA,1.336666667,NA,319.3,244.9,170.2,158.1,69.3,13.9,24.6,9.1,12.2,9.5,41.8,40.4,197.9,68.441,32.919,21.478,14.044,53.713,31.776,21.937,-0.2,13.5,13.7,-2.5,1542.1,348.585,140.719,244.991,56.183,688.73,322.945,348.305,-13,64.7,77.7
1951q1,336,337.5,324.1042412,2594,2612.4,2502.16191,1690.7,62.20304507,40.22571415,59.04204195,5.308113,3.670349609,1596.755502,42.56706031,8.5206386,43.30699194,17.85795561,0.329,13.247,NA,NA,25.69666667,NA,NA,15.53333333,12.871,NA,NA,NA,NA,NA,NA,NA,3.5,62.7042479,62.08166667,59.56994874,59.29915276,60.42122434,59.89933333,47.57933333,25.827,44.221,105.2615442,104.6923333,NA,NA,1.366666667,NA,332.5,254.1,178.6,165.3,71.1,15,25.9,9.3,12.5,8.4,40.7,39.2,209.2,64.582,33.139,21.057,10.386,62.033,39.574,22.46,0.2,15,14.9,-1.7,1579.4,312.966,137.047,232.314,34.908,762.013,382.753,344.895,-9.7,68,77.7
1951q2,344.1,346,330.4582038,2638.9,2660,2534.28118,1699,62.18929092,40.75108661,59.05181407,5.314789,4.128145714,1616.743662,42.69236702,8.620194101,43.5931751,18.02843005,0.329,13.353,NA,NA,25.94666667,NA,NA,15.76666667,12.945,NA,NA,NA,NA,NA,NA,NA,3.1,62.51945415,61.82233333,59.48134443,59.15635366,60.43992952,59.899,47.959,25.747,44.575,105.1076682,104.5066667,NA,NA,1.49,NA,340.6,263.1,184.9,171,73.4,15.4,27.1,9.6,12.7,8.6,40.6,38.9,204.9,67.383,34.124,18.467,14.792,69.821,46.602,23.22,1.9,17.1,15.2,0.4,1534.7,320.221,138.697,201.274,50.756,863.552,459.172,350.713,-0.4,74.7,75.1
1951q3,351.4,353.4,335.0819494,2693.3,2715.2,2568.230547,1720,62.20447981,41.28690658,59.06170033,5.321333408,4.869868603,1637.468979,42.84083465,8.715768381,43.88124943,18.19626003,0.329,13.371,NA,NA,25.93333333,NA,NA,15.86666667,12.987,NA,NA,NA,NA,NA,NA,NA,3.166666667,62.65676011,61.93766667,59.6016911,59.24630454,60.49784551,59.95433333,48.009,26.319,44.148,105.1258093,104.5426667,NA,NA,1.603333333,NA,346.8,267.5,187.9,173.5,74.7,15.1,28.1,9.9,13,8.6,41.1,39.3,207.6,61.981,34.843,17.398,9.74,78.046,54.303,23.743,3.7,18.1,14.3,2.2,1552.6,296.643,140.32,188.574,33.468,958.43,533.502,352.46,7.7,76.5,68.8
1951q4,356.2,358.3,343.6452977,2699.2,2722.1,2604.063412,1726,62.25901581,41.82628618,59.07165252,5.327682495,3.653389827,1658.918052,43.01996042,8.803952767,44.17122743,18.35785363,0.329,13.548,NA,NA,26.31666667,NA,NA,16.13333333,13.158,NA,NA,NA,NA,NA,NA,NA,3.366666667,62.91852006,62.225,59.72951329,59.40523167,60.67385078,60.11433333,48.15566667,26.398,44.17,105.3390805,104.7466667,NA,NA,1.61,NA,353.9,272.1,191.5,176.6,75.7,15.7,28,10.1,13.2,8.7,42.4,40.4,211.6,57.084,34.642,17.723,4.719,83.314,59.311,24.003,4.2,18.2,14,2.7,1561.7,273.007,138.005,190.385,14.383,1009.059,574.231,351.949,8.8,75.8,67
1952q1,359.8,361.8,348.2695518,2728,2749.9,2640.576257,1746,62.35304949,42.34879094,59.08162421,5.333774,3.310782723,1680.875022,43.22885677,8.889681964,44.46312167,18.51094753,0.329,13.606,NA,NA,26.41666667,NA,NA,16.4,13.175,NA,NA,NA,NA,NA,NA,NA,3.066666667,62.7082983,62.19066667,59.44736644,59.3063988,60.7327917,60.27666667,48.44066667,26.533,44.455,105.4854101,104.8633333,NA,NA,1.566666667,NA,356.1,274.3,196.1,181,73.8,13.7,28,10.4,13.5,8.2,40,38.1,213,58.132,35.131,18.269,4.732,84.998,60.899,24.098,3.7,18.7,15,3.5,1565.3,280.13,139.335,195.377,18.048,1039.017,597.805,352.887,5,79.8,74.8
1952q2,361,363,353.7247666,2733.8,2755.8,2678.705726,1735.3,62.48418092,42.87014228,59.09157081,5.339555,2.056749783,1703.590698,43.46458371,8.973738743,44.75694482,18.65935863,0.329,13.603,NA,NA,26.48666667,NA,NA,16.6,13.225,NA,NA,NA,NA,NA,NA,NA,2.966666667,62.68553744,61.96033333,59.32440339,59.00609485,60.6947116,60.10766667,48.51466667,26.48,44.268,105.6656854,105.0066667,NA,NA,1.646666667,NA,358.6,278.3,197.4,182.1,76.1,14.5,28.4,10.7,13.8,8.7,38.1,36.2,217.1,53.004,35.765,18.763,-1.523,88.987,64.067,24.919,2,16.6,14.6,1.1,1595.9,259.01,141.544,198.998,-4.389,1074.374,621.341,360.388,-3.4,71,74.4
1952q3,367.7,369.7,362.4796183,2753.5,2775.2,2714.407476,1739.3,62.64668622,43.32882775,59.1014491,5.344985485,1.440186267,1725.155536,43.69760422,9.057966849,45.02156741,18.79479555,0.329,13.692,NA,NA,26.66666667,NA,NA,16.9,13.325,NA,NA,NA,NA,NA,NA,NA,3.233333333,62.8168562,62.09866667,59.26171718,58.94920703,60.64715224,60.094,48.79566667,26.35,44.588,105.9990483,105.3426667,NA,NA,1.783333333,NA,366,285.3,201.5,186,78.5,16,28.8,10.9,14.2,8.6,38.1,36.2,219.6,57.22,32.892,18.754,5.574,90.931,66.178,24.753,0,15.2,15.3,-1.1,1603.6,272.895,130.527,197.071,19.996,1085.214,636.737,350.649,-13.5,65.4,78.9
1952q4,380.8,382.8,367.9689711,2843.9,2865.5,2748.074992,1823.1,62.82905694,43.73891835,59.11121668,5.350040436,3.48698666,1745.080328,43.91394832,9.144196565,45.25157744,18.91820437,0.329,13.715,NA,NA,26.69666667,NA,NA,16.93333333,13.372,NA,NA,NA,NA,NA,NA,NA,2.833333333,63.17877745,62.361,59.4017805,58.9964334,61.23347592,60.61133333,49.85966667,26.908,45.771,106.3583901,105.703,NA,NA,1.893333333,NA,378.3,292,209.3,193.5,77.3,13,29.7,11.3,14.5,8.8,42.4,40.6,227.7,60.737,35.816,19.647,5.274,93.418,68.116,25.302,-1,15.3,16.3,-1.2,1660.2,292.552,142.103,207.712,20.051,1103.302,645.903,358.705,-20.1,65.9,86
1953q1,388,389.9,372.1389962,2896.8,2918.2,2778.382073,1857.9,63.02049928,44.08695749,59.12083124,5.354713,4.262118167,1763.4213,44.10726823,9.229393223,45.4506978,19.03324763,0.329,13.766,NA,NA,26.62,NA,NA,17,13.385,NA,NA,NA,NA,NA,NA,NA,2.7,63.67745914,63.53866667,59.68418451,59.56452177,61.94153581,61.83133333,50.31866667,27.143,46.241,106.6906747,106.672,NA,NA,1.98,NA,385.1,296.4,213.1,197.1,77.9,13,29.9,11.6,15,8.4,43.3,41.5,231.2,61.663,37.791,19.982,3.89,95.764,69.659,26.105,-0.7,15.1,15.8,-1.3,1679.7,298.847,149.793,211.063,16.203,1138.261,668.831,366.398,-19.1,64.8,83.9
1953q2,391.7,393.8,376.5698678,2919.2,2941.6,2806.440537,1865.8,63.21456857,44.39547085,59.13025002,5.35901165,4.017881797,1780.053149,44.27587508,9.314837064,45.62265141,19.13959715,0.329,13.786,NA,NA,26.72,NA,NA,17.2,13.417,NA,NA,NA,NA,NA,NA,NA,2.566666667,63.27659657,62.94833333,59.16344901,58.88268052,61.52139241,61.30633333,50.48133333,27.207,46.326,106.9521768,106.9046667,NA,2.996666667,2.153333333,NA,388.5,300.2,216.2,200,78.8,12.4,29.9,11.9,15.4,9.2,42.5,40.6,233,62.115,38.465,20.073,3.577,97.925,71.95,25.976,-1.3,15.2,16.4,-1.8,1689.8,300.547,151.284,211.76,15.897,1161.607,688.062,365.737,-23,65.2,88.2
1953q3,391.2,393,381.6050612,2902.8,2923.3,2831.6032,1855.3,63.41088911,44.65484145,59.13942942,5.362958,2.514363611,1795.257129,44.42282559,9.400299788,45.77116117,19.23921984,0.329,13.861,NA,NA,26.84333333,NA,NA,17.4,13.467,NA,NA,NA,NA,NA,NA,NA,2.733333333,63.21445678,62.86666667,58.97886118,58.67730284,61.31883163,61.15133333,50.46433333,27.322,45.871,107.1815486,107.1396667,NA,2.916666667,1.956666667,NA,387.6,300.1,216.5,200.1,78.3,11.7,29.5,12.2,15.9,9,41.3,39.6,233.7,61.435,39.614,19.49,2.331,96.622,69.969,26.653,-0.6,15.8,16.3,-1.2,1685.8,294.261,154.663,203.835,9.642,1149.285,671.477,375.412,-20.1,67.8,87.9
1953q4,386,387.8,385.3723698,2858.8,2879.3,2854.151634,1819.9,63.61053626,44.86916479,59.14832478,5.366582394,0.162863318,1809.255131,44.55226957,9.484076826,45.89995001,19.33289787,0.329,13.921,NA,NA,26.89,NA,NA,17.56666667,13.507,NA,NA,NA,NA,NA,NA,NA,3.7,63.2605587,62.87033333,58.83270791,58.48221761,60.74899503,60.536,49.95033333,27.226,45.155,107.526172,107.5033333,NA,2.643333333,1.473333333,NA,380.5,300.1,215.1,198.7,79.2,11.5,30,12.5,16.3,8.9,34,32.3,233.1,56.446,39.2,19.251,-2.006,96.747,69.519,27.228,-0.3,15.2,15.5,-0.9,1674.4,272.998,153.253,202.179,-8.267,1146.434,663.007,384.384,-18.1,65.5,83.6
1954q1,385.3,387.3,389.3961733,2845.2,2866.9,2875.447683,1799.1,63.81283276,45.06064939,59.15689036,5.369922,-1.051929524,1822.151496,44.66723726,9.565329217,46.01274082,19.42058763,0.329,13.991,NA,NA,26.95333333,NA,NA,17.66666667,13.564,NA,NA,NA,NA,NA,NA,NA,5.266666667,64.01935444,63.62933333,59.32983099,58.98340698,60.48022036,60.291,49.336,27.283,44.548,107.9041578,107.8766667,NA,2.44,1.06,NA,382.6,300.1,213.1,196.4,81.6,12.9,29.8,12.8,16.7,9.4,36.5,34.7,235.2,55.717,38.332,19.351,-1.966,94.831,66.734,28.097,-0.4,14.4,14.8,-0.5,1680.6,271.041,149.208,204.392,-7.346,1116.653,629.824,398.087,-16.1,62.6,78.7
1954q2,386.1,388.1,392.3889207,2848.3,2869.9,2894.694025,1798.1,64.0156417,45.21854265,59.16507957,5.37301445,-1.602726379,1834.08847,44.76993098,9.645778495,46.11325652,19.50297358,0.329,13.972,NA,NA,26.91,NA,NA,17.8,13.589,NA,NA,NA,NA,NA,NA,NA,5.8,63.93185811,63.65066667,59.07112342,58.83937128,60.18411376,59.96166667,49.013,27.473,44.214,108.2286139,108.177,NA,2.346666667,0.79,NA,383.6,299.8,212.7,196,81.1,11.7,30.4,13,17.1,8.9,37.8,36,237.9,55.449,38.159,20.668,-3.378,92.534,63.692,28.842,0.3,16.4,16.2,0.3,1702.4,270.402,147.877,217.719,-11.829,1078.86,598.388,399.621,-14.2,71.6,85.8
1954q3,391,393,395.4030608,2880.5,2902.4,2912.937383,1823.5,64.21961671,45.35899671,59.17284537,5.375902,-1.113562655,1845.504446,44.86549014,9.72792121,46.20644703,19.58256856,0.329,13.926,NA,NA,26.84,NA,NA,17.86666667,13.577,NA,NA,NA,NA,NA,NA,NA,5.966666667,63.84063956,63.73933333,58.83982723,58.77662681,60.02991582,59.926,48.849,27.968,44.043,108.4990262,108.4433333,NA,2.346666667,0.883333333,1.03,387.6,301.8,213.2,196.3,82.1,11.8,30.5,13.1,17.4,9.3,39.9,38,240.3,58.971,38.879,22.183,-2.091,91.148,61.352,29.796,0.6,15.9,15.3,-0.1,1725.5,283.451,151.656,230.976,-9.423,1055.542,572.155,410.66,-11.3,69.3,80.6
1954q4,399.7,402.1,399.0026479,2936.9,2961,2931.776024,1866.9,64.42630238,45.50588681,59.18014085,5.378624,0.174773797,1857.077822,44.96206434,9.814684579,46.29982588,19.6630479,0.329,13.912,NA,NA,26.75666667,NA,NA,17.96666667,13.595,NA,NA,NA,NA,NA,NA,NA,5.333333333,63.92976509,63.669,58.74733723,58.5268325,60.4613341,60.24766667,49.151,28.283,44.588,108.8215536,108.786,NA,2.473333333,1.02,0.986666667,396.8,307.2,217.5,200.4,82.6,10.7,31.3,13.3,17.8,9.5,43.6,41.4,245.1,62.139,38.89,23.565,-0.316,91.356,61.244,30.112,1.1,16.6,15.5,0.9,1761.7,295.882,151.443,245.432,-3.48,1049.2,565.838,412.536,-8.9,72.5,81.4
1955q1,413.1,415.5,403.4576643,3020.7,3045.4,2950.192608,1934.1,64.63606363,45.64313547,59.18691985,5.38122,2.389925031,1869.014293,45.06045699,9.907509557,46.39339343,19.74622162,0.329,13.957,NA,NA,26.79333333,NA,NA,18.06666667,13.646,NA,NA,NA,NA,NA,NA,NA,4.733333333,64.32647288,63.82933333,58.92438838,58.48908492,61.12387295,60.81466667,49.70066667,28.841,45.304,109.1678245,109.1303333,NA,2.646666667,1.223333333,1.343333333,409.6,313.5,221.9,204.1,85.1,10.9,32.7,13.3,18.2,10,48.8,46.6,251.4,68.702,39.48,25.419,3.804,91.869,60.72,31.149,1.1,17.3,16.2,0.5,1801.2,325.442,154.051,263.471,14.027,1049.83,554.949,429.734,-11,75.2,86.2
1955q2,421.5,423.9,407.7775421,3069.9,3094.4,2969.955579,1966.3,64.84647784,45.79979789,59.19313777,5.383725,3.365182366,1881.364309,45.15929437,10.00704469,46.48715008,19.83319719,0.329,13.971,NA,NA,26.75666667,NA,NA,18.16666667,13.722,NA,NA,NA,NA,NA,NA,NA,4.4,64.8447041,64.47566667,59.16974892,58.86378922,61.90329988,61.64333333,50.51666667,28.94,45.898,109.5909739,109.5336667,NA,2.763333333,1.483333333,1.5,419.7,321.1,228.1,209.9,86.5,11.3,33,13.4,18.6,10.2,50.1,47.9,256.5,72.688,42.063,26.005,4.62,92.533,60.849,31.684,-0.2,16.9,17.1,-0.2,1835.7,345.235,163.232,267.263,20.699,1039.546,543.162,435.296,-17.7,73.4,91.1
1955q3,430.2,432.7,413.311833,3111.4,3136.1,2989.257176,1994.1,65.05275046,45.95128039,59.19875239,5.386171,4.086059389,1894.071508,45.255226,10.11242771,46.5810962,19.92482931,0.329,14.026,NA,NA,26.77666667,NA,NA,18.26666667,13.816,NA,NA,NA,NA,NA,NA,NA,4.1,65.74260689,65.45133333,59.79309889,59.56420578,62.8825337,62.75333333,51.12133333,29.045,46.379,109.9501583,109.8836667,NA,2.946666667,1.856666667,1.94,428.2,328.5,233.9,215.2,87.8,10.7,33.9,13.4,19,10.8,50.2,47.8,260.7,74.747,44.826,25.626,4.295,94.099,61.923,32.176,0.7,18.1,17.4,0.8,1858.4,350.533,171.322,261.567,18.889,1046.213,548.898,434.678,-14.4,78.2,92.6
1955q4,437.1,439.6,420.2180206,3130.1,3155.3,3009.207107,2010.8,65.25248887,46.11635753,59.20372473,5.388586,4.017433456,1907.030644,45.34658635,10.22307456,46.67523217,20.02073646,0.329,14.064,NA,NA,26.85666667,NA,NA,18.5,13.908,NA,NA,NA,NA,NA,NA,NA,4.233333333,66.5051853,66.101,60.33136012,59.9903799,63.50315711,63.31066667,51.60866667,28.941,46.937,110.2331941,110.186,NA,2.91,2.336666667,2.356666667,435.8,333.6,238.4,219.5,88.4,10,34.5,13.5,19.5,10.9,51.6,49,264.6,78.882,47.085,24.565,7.233,93.331,60.57,32.762,0.2,18.3,18.1,0.4,1881.7,358.661,176.431,250.594,26.017,1025.47,530.641,437.278,-17.4,78.6,96
1956q1,439.7,442.6,427.2111407,3117.9,3145.3,3029.34186,1998.7,65.44707753,46.28689277,59.20801986,5.390996456,2.923345874,1920.227676,45.43433947,10.33643838,46.76955839,20.12034776,0.329,14.122,NA,NA,26.86,NA,NA,18.66666667,14.045,NA,NA,NA,NA,NA,NA,NA,4.033333333,66.47982257,66.23933333,60.14487256,59.9541409,63.72453872,63.56066667,52.14533333,28.592,47.224,110.5328181,110.4833333,NA,2.9,2.326666667,2.483333333,440.5,339,242.8,223.3,89.8,10.2,34.7,13.6,20.1,11.2,49.4,46.7,266.2,78.303,47.772,24.132,6.398,94.848,60.989,33.859,0.4,19.4,18.9,0.9,1884.8,348.42,174.275,244.186,21.944,1025.219,527.375,441.86,-17.7,82.3,100
1956q2,446,448.8,432.5932382,3143.7,3170.9,3049.200365,2013,65.63933851,46.45385579,59.21160781,5.39343,3.099161202,1933.612067,45.52237893,10.45052353,46.86407523,20.22140719,0.329,14.217,NA,NA,27.03666667,NA,NA,18.8,14.177,NA,NA,NA,NA,NA,NA,NA,4.2,66.96876159,66.56266667,60.41287768,60.08129665,64.05286144,63.765,52.489,28.733,47.325,110.8517988,110.7876667,NA,3.083333333,2.566666667,2.693333333,447.7,344.8,247.5,227.5,90.7,10.4,34.9,13.6,20.6,11.2,49.6,46.9,268.8,77.02,49.062,24.374,3.585,98.247,63.516,34.731,1.9,20.9,19,2.2,1891.1,345.678,177.389,242.924,15.246,1045.932,540.238,447.4,-11.6,87.9,99.5
1956q3,451.2,454.1,441.0177537,3140.9,3168.6,3070.019199,2004.5,65.83067472,46.63508633,59.21446426,5.395917,2.308806446,1947.152964,45.61394245,10.56413556,46.95878308,20.32213987,0.329,14.356,NA,NA,27.31666667,NA,NA,19,14.334,NA,NA,NA,NA,NA,NA,NA,4.133333333,67.07018443,66.713,60.32017762,60.04049919,64.11944126,63.95033333,52.39666667,28.729,47.133,111.1902966,111.1133333,NA,3.273333333,2.583333333,2.81,453.8,350.1,250.4,230,92.6,10.9,35.5,13.7,21.3,11.2,49.3,46.4,272.1,78.267,50.746,23.952,3.569,98.279,62.796,35.483,2.6,21.8,19.3,3,1895.4,342.583,179.172,238.335,11.829,1036.749,531.426,449.574,-9.6,90.8,100.4
1956q4,460.5,463,445.9859492,3192.6,3217.7,3091.975551,2037.2,66.02308161,46.83173636,59.21657129,5.398493,3.254374003,1961.660859,45.70645336,10.67695331,47.07662411,20.43211762,0.329,14.44,NA,NA,27.55,NA,NA,19.13333333,14.422,NA,NA,NA,NA,NA,NA,NA,4.133333333,67.06692165,66.63433333,60.15530713,59.79873943,64.06374355,63.89366667,52.84233333,29.037,47.395,111.4896172,111.431,NA,3.473333333,3.033333333,2.926666667,463.6,357.8,256.4,235.4,94.2,10.9,35.8,13.8,22.1,11.6,50.2,47.3,277.4,77.145,51.41,23.491,2.244,101.345,65.158,36.187,4.5,23.1,18.5,4.5,1921.5,339.406,179.198,234.783,10.471,1063.129,549.556,454.135,-0.9,94.9,95.8
1957q1,469.8,472.9,455.5650254,3213,3241.6,3115.645863,2062.5,66.21906956,47.05058352,59.217918,5.401198387,3.124685578,1977.371708,45.80247295,10.78694253,47.22156191,20.55258086,0.329,14.57,NA,NA,27.77666667,28.6,NA,19.33333333,14.587,NA,NA,NA,NA,NA,NA,NA,3.933333333,67.01410184,66.74,59.95260821,59.73845406,64.33891252,64.09766667,53.04666667,29.369,47.44,111.7784594,111.7203333,NA,3.403333333,3.096666667,2.933333333,471.1,362.4,260.2,238.3,95.3,9.9,37,13.9,22.9,11.6,51.7,48.6,281.9,77.728,52.465,23.101,2.162,105.342,67.892,37.45,4.8,24.9,20.1,5.6,1934.8,334.137,180.13,231.564,5.663,1085.921,560.343,465.365,-2.4,101,103.4
1957q2,472,475.4,462.4308144,3206,3236.3,3141.002523,2049.9,66.42218883,47.28845252,59.21850096,5.404080391,2.069322657,1994.204679,45.90680902,10.89018117,47.3908293,20.68043175,0.329,14.662,NA,NA,28.01333333,28.83333333,NA,19.6,14.69,NA,NA,NA,NA,NA,NA,NA,4.1,67.13584309,66.798,59.87914577,59.61694076,64.34051343,64.076,53.15166667,29.253,47.339,112.1189059,112.0453333,NA,3.626666667,3.14,3,474,367.1,262.1,239.6,97.1,10.5,37.2,14,23.6,11.8,50.3,47,284.2,77.907,52.64,22.61,2.657,105.842,67.524,38.318,4.1,24.4,20.3,4.8,1938.2,333.798,179.784,226.085,8.145,1080.303,553.316,469.137,-6.2,98,104.2
1957q3,479.5,482.7,469.1633706,3237.4,3266.7,3167.611045,2068.7,66.63151879,47.53922921,59.21832464,5.407184601,2.203204699,2011.81086,46.01897628,10.98572457,47.58165906,20.81216073,0.329,14.781,NA,NA,28.26333333,29.03333333,NA,19.76666667,14.803,NA,NA,NA,NA,NA,NA,NA,4.233333333,67.32062885,67.03533333,59.83091268,59.62370883,64.30570591,64.20666667,53.06166667,29.664,47.111,112.5181379,112.4306667,NA,3.926666667,3.353333333,3.233333333,478.8,371.7,264.7,241.8,98.8,11,37.8,14.1,24,11.9,49.3,46.1,288.8,79.339,54.066,22.464,2.808,107.405,68.355,39.05,4,23.8,19.8,4.9,1953.5,341.451,183.403,223.105,11.901,1089.494,556.228,475.808,-6.9,95.3,102.2
1957q4,474.9,477.4,473.640627,3203.9,3228.3,3195.403674,2032.7,66.84468565,47.80340641,59.21740174,5.410558,0.265892101,2029.972735,46.13690887,11.07474396,47.791284,20.94636598,0.329,14.858,NA,NA,28.4,29.26666667,NA,20,14.89,NA,NA,NA,NA,NA,NA,NA,4.933333333,67.55214905,67.19566667,59.81472908,59.53596754,63.99902891,63.879,52.56833333,29.762,46.139,112.9356432,112.8656667,NA,3.633333333,3.31,3.253333333,473.7,370.8,263.3,240.1,98,10.7,37,14.3,24.3,11.7,45.3,42.4,290.4,71.045,53.215,22.349,-4.518,110.062,70.043,40.019,3.4,23,19.6,3.6,1954.3,315.195,179.172,222.811,-11.091,1107.405,562.786,487.55,-10,92.5,102.5
1958q1,467.5,470.2,482.8680064,3120.7,3145.5,3223.285963,1959.9,67.05843655,48.06682244,59.21575328,5.41424036,-3.182651616,2048.578306,46.25794154,11.16005717,48.01693693,21.08304049,0.329,15.041,NA,NA,28.73666667,29.4,NA,20.23333333,15.015,NA,NA,NA,NA,NA,NA,NA,6.3,67.78366988,67.173,59.82542619,59.32106597,63.28422044,62.94966667,51.65033333,29.353,45.106,113.3024438,113.2363333,NA,3.04,1.756666667,1.863333333,468.1,371.3,259.8,236.7,100.7,13.3,36.9,14.6,24.3,11.6,39.5,36.9,289.9,66.73,49.369,21.37,-4.009,109.843,68.738,41.106,1.1,20.5,19.5,1.5,1927.3,293.932,167.782,214.051,-13.882,1097.821,546.1,501.36,-20.7,83.3,104
1958q2,472,474.7,488.6615815,3141.2,3166.4,3252.084237,1968,67.27420492,48.34073091,59.21340875,5.418266,-3.40963607,2067.705637,46.38258359,11.24372751,48.25585064,21.22270573,0.329,15.069,NA,NA,28.93,29.53333333,NA,20.5,15.079,NA,NA,NA,NA,NA,NA,NA,7.366666667,67.95869595,67.73866667,59.81486656,59.66482284,62.90807348,62.745,50.95166667,29.914,44.444,113.615059,113.532,NA,2.923333333,0.956666667,0.94,470.9,373.7,259.4,236.3,101.7,13,37.3,14.8,24.9,11.7,40.6,38.1,292.8,65.065,47.83,21.469,-4.235,113.624,71.549,42.075,0.5,20.5,20.1,0.8,1943.2,288.01,161.609,214.817,-12.101,1125.194,563.28,508.413,-24.8,83.7,108.5
1958q3,485.8,488.4,495.9931241,3213.9,3238.5,3281.334503,2029.1,67.49532916,48.6157271,59.210406,5.422658443,-2.05509383,2087.419343,46.51247016,11.32706345,48.50525793,21.36521539,0.329,15.08,NA,NA,28.91333333,29.63333333,NA,20.76666667,15.115,NA,NA,NA,NA,NA,NA,NA,7.333333333,67.96230094,67.95433333,59.64456059,59.68952301,62.96932536,62.97933333,51.25933333,30.476,44.977,113.9455137,113.8463333,NA,3.5,1.68,1.323333333,484.8,382.6,267.2,243.8,102.6,12.1,38,14.9,25.9,11.7,44.8,42.3,297.9,71.999,47.435,23.017,1.547,115.093,71.885,43.208,0.9,20.6,19.7,1,1975.5,310.114,159.905,230.302,6.134,1131.649,561.368,519.239,-23,83.9,106.9
1958q4,499.6,502.1,503.1292157,3289,3313.5,3312.233768,2094.5,67.72630314,48.90616517,59.20679108,5.427429,-0.701453138,2107.736518,46.65044719,11.41111996,48.76150998,21.50935984,0.329,15.074,NA,NA,28.94333333,29.8,NA,21.03333333,15.134,NA,NA,NA,NA,NA,NA,NA,6.366666667,68.07720194,67.81433333,59.52669398,59.33877789,63.63256258,63.498,51.838,30.996,45.648,114.3641573,114.2833333,NA,3.8,2.69,2.163333333,498.4,388.2,272.3,248.4,103.8,11.2,38.7,15,27.5,11.4,50.6,48.1,301.8,80.001,49.332,25.434,5.235,117.992,73.912,44.08,-0.3,20.6,20.8,-0.1,2002.3,336.555,165.893,254.27,16.137,1154.467,573.611,528.275,-28.9,83.6,112.5
1959q1,510.3,512.9,509.0287843,3352.1,3376.6,3343.749536,2137.8,67.96795485,49.19597099,59.202618,5.432576656,0.249733552,2128.470871,46.79581614,11.50081937,49.01911581,21.65347792,0.329,15.177,15.515,6.379766472,28.99333333,29.93333333,NA,21.2,15.205,NA,NA,NA,NA,NA,NA,NA,5.833333333,68.32615017,67.88433333,59.52375569,59.17685381,64.20343547,63.93966667,52.72666667,31.034,46.533,114.7880361,114.7143333,NA,3.99,2.773333333,2.57,510.1,394,279.7,254,103.9,10.9,39.2,15,26.7,12.1,54.3,51.8,309.4,83.166,50.942,28.348,3.876,117.195,72.367,44.829,0.5,21.9,21.4,-1.4,2039,354.894,171.082,282.973,13.08,1142.671,562.179,531.365,-25.7,89.7,115.4
1959q2,522.7,525.3,514.9048399,3427.7,3452.2,3376.581824,2199.3,68.22085189,49.49486456,59.19794831,5.438085556,1.513903062,2149.864765,46.94641765,11.60023819,49.27808256,21.80096212,0.329,15.239,15.598,6.429455533,29.04333333,30.1,NA,21.4,15.249,NA,NA,NA,NA,NA,NA,NA,5.1,68.53148107,68.265,59.47206436,59.28920696,64.92843588,64.772,53.51733333,31.336,47.413,115.2330625,115.139,NA,4.256666667,3,3.083333333,524.9,402.4,286.5,260.6,105.9,9.9,40.5,15.4,27.6,12.5,59.1,56.5,315.5,89.381,52.735,29.358,7.288,118.535,73.58,44.955,-0.8,21.8,22.5,-2.9,2070.5,382.5,176.005,292.856,33.118,1156.74,572.598,532.58,-32.1,89,121.1
1959q3,525,527.9,522.117705,3430.1,3456.1,3411.268457,2195.9,68.48343658,49.81158404,59.19285068,5.443927,0.552039317,2172.112606,47.10599578,11.70603611,49.53432835,21.95195094,0.329,15.331,15.702,6.487553633,29.19333333,30.23333333,NA,21.6,15.314,NA,NA,NA,NA,NA,NA,NA,5.266666667,68.73422601,68.50533333,59.42741317,59.28596979,64.92867372,64.875,53.52266667,31.379,47.274,115.6608076,115.5506667,NA,4.503333333,3.54,3.576666667,522.6,404.7,286.9,260.9,107.6,9.4,41,15.8,28.6,12.8,54.2,51.4,320.7,83.606,54.421,28.801,0.384,119.492,74.532,44.96,1.2,24.1,22.9,0,2092.1,357.798,180.742,287.377,3.92,1166.589,580.258,532.878,-24.6,97.6,122.2
1959q4,528.6,531.6,529.617542,3439.8,3467.1,3446.421531,2189.3,68.75423899,50.12667701,59.18740034,5.450064,-0.192127703,2194.941091,47.27333707,11.8147448,49.78702684,22.10413807,0.329,15.415,15.793,6.597911948,29.37,30.43333333,NA,21.76666667,15.373,NA,NA,NA,NA,NA,NA,NA,5.6,69.06829864,68.78266667,59.53790648,59.33734767,65.05945821,64.92733333,53.722,31.277,47.287,116.0072678,115.918,NA,4.583333333,4.23,3.99,528.2,410.4,290.2,263.9,109.2,10.1,40.5,16,29.6,13,54.5,51.5,322.8,86.524,54.398,28.006,4.12,118.608,73.836,44.772,0.6,23.1,22.5,-0.8,2094.5,369.442,180.236,279.235,19.404,1157.052,574.485,530.129,-26.4,92.7,119.1
1960q1,542.6,545.6,537.2519633,3517.2,3543.8,3482.533367,2254.4,69.02910659,50.45021643,59.18167853,5.45645237,0.99544294,2218.007113,47.44348738,11.92152524,50.03668172,22.2563174,0.329,15.435,15.842,6.636803776,29.39666667,30.56666667,NA,22,15.402,NA,NA,NA,NA,NA,NA,NA,5.133333333,69.03627499,68.77,59.11046327,58.92500635,65.40775318,65.21333333,54.41366667,32.007,47.584,116.7919708,116.7076667,NA,4.486666667,3.873333333,3.933333333,542.1,416.7,298.7,270.7,109.7,9.6,40.1,16.2,30.6,13.2,58.6,55.5,326.4,96.476,56.322,28.954,11.2,116.951,70.981,45.97,2.9,26.1,23.3,1.9,2114.5,406.581,186.49,287.81,48.436,1137.363,552.898,539.016,-18.9,104.7,123.6
1960q2,541.1,544.1,544.1797173,3498.2,3525.3,3518.110307,2223.2,69.29569165,50.76953882,59.17577177,5.463051,-0.565937547,2240.752969,47.60754077,12.02421666,50.28379668,22.40707711,0.329,15.515,15.902,6.789406865,29.57333333,30.63333333,NA,22.2,15.457,NA,NA,NA,NA,NA,NA,NA,5.233333333,69.96544696,69.713,59.72415327,59.56509356,66.16217106,66.06133333,54.54533333,31.508,47.663,117.1476582,117.0366667,NA,4.26,2.993333333,3.696666667,543.4,421.7,301.7,273.4,111.2,10.6,40.1,16.4,30.9,13.2,54.8,51.6,332.2,87.096,57.188,26.684,3.224,118.38,71.066,47.314,3.4,26.9,23.5,1.7,2141.2,368.686,189.231,264.245,13.84,1150.17,554.215,552.463,-16.8,107.7,124.5
1960q3,545.6,548.8,551.5318895,3515.4,3543.4,3553.620243,2223.9,69.54984002,51.09458543,59.16977124,5.469829559,-1.075529746,2262.971416,47.7626668,12.12639401,50.52887541,22.55576064,0.329,15.574,15.965,6.893511939,29.59,30.6,NA,22.33333333,15.524,NA,NA,NA,NA,NA,NA,NA,5.533333333,70.19176152,69.91233333,59.71091703,59.5449603,66.14011573,66.02366667,54.26833333,31.696,47.397,117.5526437,117.411,NA,3.833333333,2.36,2.936666667,545.3,424.4,302.6,274,112.2,11,39.9,16.5,31.3,13.5,53.8,50.7,332.1,86.377,56.165,25.892,4.32,122.419,74.161,48.258,4.7,27.6,22.9,4.2,2132.6,367.749,185.904,256.351,19.572,1178.324,571.307,560.689,-10.9,110,120.9
1960q4,540.2,543.6,558.5841718,3470.3,3499.5,3588.401798,2174.4,69.7903351,51.41688735,59.16377211,5.47677,-3.291208872,2284.872349,47.9080371,12.22930847,50.77242159,22.70494955,0.329,15.642,16.017,6.944240066,29.78,30.76666667,NA,22.5,15.592,NA,NA,NA,NA,NA,NA,NA,6.266666667,70.53288834,70.23933333,59.79329574,59.61360557,66.01422692,65.83966667,53.94833333,31.277,46.964,117.9611986,117.8243333,NA,3.886666667,2.306666667,2.296666667,543.9,425.8,302.1,273.3,113,11.3,39.7,16.7,31.8,13.5,51.5,48.3,334,75.963,55.882,25.893,-5.812,124.33,75.291,49.039,5.9,27.6,21.7,4.9,2135.4,327.01,185.479,256.081,-22.782,1186.511,573.56,567.167,-4.6,110.6,115.2
1961q1,545,548.6,565.2054554,3493.7,3524.3,3623.226238,2189.9,70.01621352,51.74838877,59.15787282,5.483875,-3.574886839,2306.528954,48.04303015,12.33056073,51.01493891,22.85575099,0.329,15.671,16.044,6.917417519,29.84,30.83333333,NA,22.66666667,15.61,NA,NA,NA,NA,NA,NA,NA,6.8,71.04341341,70.52333333,59.99960009,59.63699709,65.96522382,65.738,53.633,31.681,46.693,118.4064782,118.2543333,NA,3.786666667,2.35,2.003333333,546.2,430.2,303.1,273.8,115,11.5,40.8,16.9,32.2,13.6,50.2,46.9,334.5,78.378,55.012,25.914,-2.548,126.218,75.281,50.936,5.9,27.6,21.7,5.4,2134.6,335.496,182.818,257.125,-10.386,1204.136,575.498,585.474,-4.7,109.9,114.6
1961q2,555.5,558.9,571.7159075,3553,3582.5,3656.717586,2242.3,70.22763062,52.06949962,59.1521744,5.491165,-2.836357578,2327.81726,48.16793087,12.43413166,51.25693106,23.00688753,0.329,15.67,16.097,6.907779777,29.83,30.93333333,NA,22.83333333,15.641,NA,NA,NA,NA,NA,NA,NA,7,70.73366528,70.53233333,59.5262599,59.45272374,65.67003721,65.60533333,53.79666667,32.514,46.586,118.827666,118.636,NA,3.79,2.303333333,1.733333333,556.7,436.4,307.3,277.6,116.3,10.9,41.8,17.1,32.9,13.6,54.5,51.3,339.5,84.108,56.198,26.118,1.792,127.254,76.174,51.08,4.7,26.6,21.9,3.2,2166.4,359.004,186.916,258.147,8.962,1207.172,580.587,581.467,-11.3,104.7,116
1961q3,567.7,571.2,578.6546448,3621.3,3651.3,3691.178554,2294,70.42689787,52.41148859,59.14677976,5.498675346,-1.893123115,2349.052997,48.28411066,12.54052994,51.49906724,23.16090657,0.329,15.726,16.167,6.896868795,29.94666667,31.06666667,NA,23,15.674,NA,NA,NA,NA,NA,NA,NA,6.766666667,70.64280117,70.429,59.25541721,59.18370205,65.75948687,65.667,54.26966667,33.067,46.862,119.2174564,119.0006667,NA,3.98,2.303333333,1.683333333,567.1,443.4,312.3,282.3,118.3,11,42.3,17.3,33.8,13.9,57.2,53.9,342.3,90.917,56.712,27.55,6.656,129.961,78.136,51.825,4.5,27.8,23.3,4.3,2176.9,386.914,188.725,272.232,29.74,1232.997,598.071,586.347,-14.2,109.5,123.7
1961q4,580.6,584.2,585.8515061,3692.3,3723,3725.696721,2342.8,70.62233887,52.75521571,59.14179306,5.506455421,-0.896388606,2370.472862,48.39657436,12.65332038,51.74234727,23.3177876,0.329,15.743,16.206,6.925745002,29.99,31.16666667,NA,23.13333333,15.71,NA,NA,NA,NA,NA,NA,NA,6.2,70.67201762,70.315,59.18863238,58.99420811,66.20974104,65.96666667,54.712,33.351,47.455,119.4013357,119.1896667,NA,3.973333333,2.46,2.4,582.4,452.3,318.9,288.4,121.3,11.5,43,17.5,34.8,14.5,61.8,58.5,349.6,92.931,58.473,28.462,5.996,133.516,79.925,53.591,4.6,28.4,23.9,3.9,2220.7,393.316,194.473,281.495,24.675,1260.059,609.213,602.139,-15.3,111.3,126.6
1962q1,594,597.6,594.5258915,3758.1,3788.8,3761.427193,2390,70.8308321,53.10437674,59.13731904,5.514559,-0.088455603,2392.699277,48.51746474,12.77158637,51.98677654,23.47777822,0.329,15.811,16.266,6.949379033,30.10666667,31.23333333,NA,23.3,15.788,NA,NA,NA,NA,NA,NA,NA,5.633333333,70.70056165,70.33733333,59.10882929,58.91951661,66.58357037,66.37966667,55.118,33.896,47.631,119.6108306,119.3786667,NA,4.016666667,2.723333333,2.456666667,592.5,459.3,325.5,293.3,122.8,11.9,43.5,17.7,35.1,14.6,62.6,59.2,354.8,98.074,59.656,29.01,9.408,137.107,83.331,53.776,4,28.3,24.3,3.1,2244.2,414.522,198.358,286.402,38.993,1284.377,631.85,597.749,-19.9,110.6,130.5
1962q2,600.4,604.4,601.4541036,3792.1,3825.3,3798.757672,2408.7,71.06993311,53.45098139,59.13346256,5.523042,-0.175259185,2416.093404,48.6591164,12.8937635,52.23236049,23.63831293,0.329,15.867,16.328,6.996938225,30.22,31.36666667,NA,23.46666667,15.831,NA,NA,NA,NA,NA,NA,NA,5.533333333,70.92020691,70.44766667,59.11447394,58.79490789,66.9201723,66.57666667,55.62466667,33.761,48.197,119.9709685,119.8193333,NA,3.873333333,2.716666667,2.606666667,600.1,466.8,331.4,298.7,124.5,11.1,43.9,18,36.5,15,62.5,58.9,360.5,96.706,61.356,29.906,5.444,138.426,84.127,54.299,4.8,29.7,24.9,3.7,2271.8,411.253,203.734,295.27,24.493,1290.924,634.394,601.798,-16.3,117,133.3
1962q3,609,613.1,608.8555076,3838.8,3872.3,3837.889199,2443.8,71.34649242,53.79226181,59.13032799,5.531950474,0.023731812,2440.728994,48.82616436,13.01837455,52.47910457,23.79764205,0.329,15.91,16.382,7.028661586,30.30666667,31.46666667,NA,23.6,15.869,NA,NA,NA,NA,NA,NA,NA,5.566666667,71.26532084,70.812,59.12353414,58.82958926,67.17652322,66.881,55.854,34.323,48.098,120.5363006,120.368,NA,3.99,2.84,2.846666667,607.4,471.5,334.2,301.2,126.1,10.7,44.2,18.2,37.8,15.2,64.2,60.5,364.3,98.16,62.101,29.871,6.188,142.052,87.019,55.033,4.5,29.6,25.1,4.8,2290.1,418.241,206.262,295.038,28.725,1320.783,653.436,609.256,-18.2,116.8,135
1962q4,612.3,617,616.5930536,3851.4,3889,3878.403539,2446.7,71.65442923,54.12650104,59.12801891,5.541324,-0.696253973,2466.390434,49.0143923,13.14602879,52.72701426,23.95549676,0.329,15.958,16.413,7.065704561,30.38,31.53333333,NA,23.73333333,15.907,NA,NA,NA,NA,NA,NA,NA,5.533333333,71.47056299,70.88066667,58.96613608,58.55696335,67.37838101,66.96933333,56.04166667,34.575,47.803,121.2061155,121.0456667,NA,3.903333333,2.813333333,2.923333333,615.8,477.8,337.7,304.2,128.3,11.3,44.5,18.3,38.8,15.4,66.9,62.5,370.6,94.968,61.819,29.785,3.364,143.562,87.596,55.966,3.1,28.7,25.6,3.6,2322.5,406.004,205.49,294.574,17.055,1329.937,656.5,615.586,-23.7,113,136.7
1963q1,621.7,626.2,625.8889978,3893.5,3929.6,3919.734298,2468.7,71.98032328,54.45563619,59.12663761,5.551188,-0.669287649,2492.818223,49.21458013,13.27522717,52.97609507,24.11369719,0.329,16.004,16.467,7.096678007,30.47666667,31.6,NA,23.9,15.985,NA,NA,NA,NA,NA,NA,NA,5.766666667,71.9232957,71.277,59.0385759,58.59667872,67.59459375,67.149,56.22166667,34.679,48.09,121.8242388,121.64,NA,3.893333333,2.906666667,2.966666667,623.9,483.2,342.7,308,129.3,11.4,44.6,18.5,39,15.8,67.2,63.1,374.3,99.689,61.973,30.848,6.868,143.724,86.208,57.517,4,29.2,25.2,4,2338.8,427.366,205.969,304.967,33.543,1311.923,634.28,626.923,-18.8,114.7,133.5
1963q2,629.8,634.1,633.7471533,3937.2,3972.3,3961.875662,2503.3,72.31351357,54.78748669,59.12628479,5.561552,-0.622827774,2519.678573,49.41941831,13.40729241,53.22635253,24.2724989,0.329,16.029,16.529,7.125961351,30.53333333,31.73333333,NA,24,15.999,NA,NA,NA,NA,NA,NA,NA,5.733333333,72.24655187,71.71833333,59.03022254,58.7053206,67.98095377,67.63533333,56.61833333,34.942,48.398,122.3890895,122.1666667,NA,3.963333333,2.94,2.963333333,634,488.1,347.6,312.4,130.4,10.8,45,18.7,39.8,16.1,70.2,66.3,378.4,101.65,63.883,32.93,4.836,144.132,85.764,58.368,5.6,31.4,25.9,4.3,2360.9,434.164,212.382,326.837,22.12,1312.902,631.457,632.23,-12.7,123.9,136.6
1963q3,644.4,648.9,641.3279476,4023.8,4059.6,4004.617312,2571.8,72.64707767,55.12427258,59.12705928,5.572411,0.479014271,2546.895898,49.62417202,13.54215215,53.4777922,24.4334558,0.329,16.107,16.593,7.17044723,30.72,31.86666667,NA,24.16666667,16.016,NA,NA,NA,NA,NA,NA,NA,5.5,72.46198694,71.95766667,58.95855217,58.65970669,68.30272122,67.99566667,56.92733333,35.799,48.53,122.9032672,122.6696667,NA,4.033333333,3.293333333,3.33,643.5,495.2,352.6,316.8,132.3,10.7,45.6,18.8,40.9,16.3,71.7,67.6,385.4,104.612,65.712,33.184,5.716,149.927,89.876,60.051,4.5,31.2,26.7,5.2,2392.9,447.531,218.21,333.09,26.255,1371.177,667.172,648.98,-16.8,123.3,140.1
1963q4,653.9,658.6,653.5704473,4050.1,4086.9,4048.058829,2590,72.978971,55.4688395,59.12905781,5.583747387,0.050423444,2574.419349,49.8274524,13.68201164,53.73041966,24.59674191,0.329,16.166,16.673,7.207365741,30.80333333,32.03333333,NA,24.26666667,16.121,NA,NA,NA,NA,NA,NA,NA,5.566666667,72.85053615,72.29566667,59.02922733,58.68694631,68.67722378,68.258,57.29966667,35.775,48.908,123.4143482,123.1886667,NA,4.12,3.496666667,3.453333333,654.3,504.6,358.8,322.2,135.4,11.1,46.5,18.8,42.2,16.8,73,68.7,390,107.189,67.669,34.456,5.064,150.989,89.653,61.336,5.7,32.5,26.8,6.3,2412.8,452.965,224.597,343.546,19.18,1357.005,649.815,657.632,-11.6,128.1,139.7
1964q1,669.8,674.9,662.6543118,4135.6,4175.2,4091.479803,2660.2,73.30937101,55.81114319,59.13237483,5.595527649,1.078343279,2602.392601,50.02939817,13.82670349,53.98424053,24.76364179,0.329,16.243,16.744,7.269074474,30.93,32.2,NA,24.4,16.182,NA,NA,NA,NA,NA,NA,NA,5.466666667,73.20951294,72.584,59.05785594,58.67365086,69.05344772,68.61366667,57.71233333,35.999,49.921,123.9623616,123.708,NA,4.18,3.53,3.463333333,667.3,514.1,365.2,328.2,137.4,9.9,48,18.8,43.2,17.5,77.1,72.5,399.6,110.474,69.113,36.237,5.124,152.554,90.084,62.469,7.2,34.2,27,8.2,2460.2,469.918,229.307,364.657,20.471,1361.263,646.662,667.371,-5,134.5,139.5
1964q2,678.7,683.5,671.4377767,4180.6,4219,4135.866759,2686.6,73.63923414,56.1639024,59.13710239,5.607706,1.081592896,2630.830026,50.23068607,13.97974844,54.23926044,24.93392543,0.329,16.278,16.794,7.306529146,30.98,32.23333333,NA,24.53333333,16.229,NA,NA,NA,NA,NA,NA,NA,5.2,73.81749949,73.23366667,59.29412503,58.96288066,69.79517402,69.40166667,58.07666667,36.196,50.141,124.4937832,124.203,NA,4.2,3.476666667,3.49,678.7,523.6,372.6,334.8,140,9.5,49.3,18.8,44.4,18,77.3,72.9,407.5,110.518,71.075,34.988,4.456,154.314,90.125,64.189,6.3,34,27.7,6,2503.7,468.225,234.656,346.51,19.642,1373.511,646.308,682.566,-8.7,134,142.7
1964q3,692,697.1,681.3902823,4245.9,4285.4,4180.802022,2731.7,73.96760071,56.52207159,59.14333008,5.620222569,1.557069127,2659.931396,50.43069308,14.13942088,54.49548505,25.10975499,0.329,16.331,16.84,7.352569586,31.05,32.3,NA,24.66666667,16.309,NA,NA,NA,NA,NA,NA,NA,5,73.67711921,73.13833333,58.92328152,58.63293588,69.83589851,69.48,58.64466667,36.569,50.463,125.0390632,124.7393333,NA,4.193333333,3.496666667,3.456666667,691.1,533.2,380,341.4,142.2,9.3,50,18.9,45.6,18.4,78.4,74,416.4,112.631,73.406,34.533,4.692,156.033,90.847,65.186,6.9,35.4,28.4,8.1,2550,479.154,242.213,340.969,23.536,1375.153,642.7,689.918,-8.3,138.2,146.5
1964q4,697.3,702,691.8843479,4259,4296.2,4225.922039,2731.8,74.29172326,56.88281082,59.15114494,5.633007,0.782739495,2689.524051,50.62758529,14.30715618,54.75292007,25.29037067,0.329,16.385,16.883,7.419858591,31.19333333,32.46666667,NA,24.76666667,16.378,NA,NA,NA,NA,NA,NA,NA,4.966666667,73.94283879,73.353,58.88010057,58.54703925,70.16324966,69.71033333,59.144,36.216,50.955,125.5820525,125.289,NA,4.173333333,3.683333333,3.576666667,700.9,541.9,386.1,346.7,144.8,10.4,50.1,18.8,46.6,18.9,78,73.6,419,114.984,75.324,34.644,5.016,156.152,89.968,66.184,7.2,36.5,29.3,7.6,2557.2,483.706,247.376,334.917,22.509,1374.59,637.408,697.121,-9.5,141,150.5
1965q1,717.8,723.2,703.0148614,4362.1,4403.6,4272.250107,2813.8,74.60739312,57.26309322,59.16063143,5.645977,2.103104698,2719.595549,50.81854409,14.48241068,55.01157119,25.47704648,0.329,16.438,16.947,7.459416069,31.29,32.6,NA,24.9,16.45,NA,NA,NA,NA,NA,NA,NA,4.9,74.47919846,73.79166667,59.0464668,58.65139545,70.69725843,70.18766667,59.795,36.735,51.743,126.1365878,125.814,55.40681231,4.203333333,3.89,3.976666667,720.2,553,392.9,352.8,147.9,11.4,50.5,19.1,47.7,19.2,85.8,81.1,429.7,126.542,80.23,34.768,11.544,157.025,89.493,67.532,4.5,33,28.5,5.7,2614.3,529.824,263.13,336.557,51.575,1373.018,631.938,703.365,-20.4,124.6,145
1965q2,730.2,735.8,713.7430113,4417.2,4460,4317.646712,2854.8,74.91045627,57.63743711,59.17187133,5.659044,2.305730282,2750.007781,51.00079759,14.67067534,55.27144418,25.66988547,0.329,16.522,16.999,7.507311655,31.49,32.7,NA,25.06666667,16.527,NA,NA,NA,NA,NA,NA,NA,4.666666667,75.03229431,74.36866667,59.22808143,58.87105712,71.35763413,70.89733333,60.48,36.905,52.256,126.6836482,126.3246667,55.7182941,4.206666667,3.873333333,4.08,732.7,562.6,399.9,358.9,151.3,12,51.2,19.3,48.9,19.9,88,83.1,436.6,127.052,83.382,35.102,8.568,159.808,90.116,69.692,6.7,38.4,31.7,6.3,2643.1,531.216,272.816,339.498,37.157,1389.271,632.976,721.181,-16.8,145.4,162.2
1965q3,749.3,754.6,724.2691592,4515.4,4555.8,4364.560205,2920,75.1974391,58.041341,59.18494384,5.672116,3.456013621,2781.012701,51.17204476,14.87134245,55.5325448,25.87242743,0.329,16.583,17.052,7.547088356,31.58333333,32.73333333,NA,25.3,16.602,NA,NA,NA,NA,NA,NA,NA,4.366666667,75.29457663,74.62633333,59.23482591,58.87911423,71.8152431,71.36933333,61.22766667,37.655,52.386,127.112008,126.745,55.91687925,4.246666667,3.866666667,4.076666667,745.9,576.9,408.3,366.2,153.9,12.2,51.8,19.5,49.9,20.5,89.3,84.6,445.8,131.237,86.686,35.258,9.292,166.761,94.476,72.285,5.5,37.6,32,6.6,2688.5,549.712,282.715,341.108,41.846,1435.36,656.436,741.49,-20.6,142.2,162.8
1965q4,771.9,776.6,737.1801413,4619.5,4657,4411.716107,2998.9,75.46985044,58.45666953,59.19992548,5.685105,4.709820132,2812.601182,51.33337643,15.08335282,55.79487885,26.08406661,0.329,16.634,17.109,7.585535812,31.75,32.9,NA,25.46666667,16.711,NA,NA,NA,NA,NA,NA,NA,4.1,75.49199993,74.90933333,59.19531555,58.90518679,72.23552974,71.827,62.01233333,38.308,52.884,127.5303615,127.1693333,56.1579539,4.473333333,4.166666667,4.166666667,767.5,590.2,420.5,377.1,156.9,12.5,53,19.5,50.7,21.2,94,89.5,459.7,133.752,90.645,35.523,7.584,172.619,98.697,73.922,5.8,39.7,33.9,6.1,2764.1,553.352,294.211,334.422,33.654,1462.544,671.11,752.21,-19.9,150.9,170.8
1966q1,795.7,800.7,749.9101473,4731.9,4770.7,4459.595106,3083.3,75.73283975,58.88588255,59.21689001,5.69793,6.106045214,2844.827715,51.48835322,15.30302677,56.05845216,26.3035245,0.329,16.763,17.195,7.646844352,32.04666667,33.06666667,NA,25.66666667,16.813,NA,NA,NA,NA,NA,NA,NA,3.866666667,75.6729415,75.07166667,59.16548438,58.87450527,72.64805402,72.17333333,62.839,38.83,53.641,127.900485,127.5113333,56.18190998,4.77,4.61,4.56,789.3,602.9,433.1,385.8,162.4,14.9,54.4,19.8,52,21.3,97.4,93,470.1,144.2,94.382,35.946,13.872,177.032,101.202,75.83,4.4,39.4,35,4.6,2804.9,597.563,306.559,342.81,58.962,1489.775,687.037,761.118,-28,147.2,175.2
1966q2,805,810,764.3299166,4748,4786.9,4508.12229,3091.9,75.99477342,59.32147814,59.23590843,5.710529,5.321011589,2877.669811,51.64270531,15.52696617,56.32327058,26.52766059,0.329,16.899,17.334,7.744999271,32.33666667,33.4,NA,26,16.965,NA,NA,NA,NA,NA,NA,NA,3.833333333,76.24649298,75.47733333,59.4303425,59.02723107,73.09488474,72.594,63.75333333,38.561,54.166,128.2955638,127.8686667,56.86534435,4.78,4.586666667,4.913333333,801.1,612.8,444.4,395.9,161.4,12.7,54.5,19.8,53.5,20.9,96.4,91.9,475.2,143.501,96.823,34.362,12.316,181.659,104.01,77.649,4.6,40.9,36.2,3.3,2812.1,588.717,311.588,316.142,56.666,1517.912,705.876,766.893,-27.9,151.6,179.5
1966q3,819.6,824.6,780.1226638,4788.3,4826.5,4557.663923,3116.7,76.26409226,59.76159668,59.2570488,5.722861,5.060401144,2911.132974,51.8021918,15.75064857,56.58934,26.75351713,0.329,17.028,17.477,7.847016769,32.61666667,33.7,NA,26.46666667,17.114,NA,NA,NA,NA,NA,NA,NA,3.766666667,76.73359341,75.946,59.63647806,59.22469658,73.646447,73.088,64.48366667,38.688,54.42,128.6688884,128.2336667,56.96890596,5.14,5.043333333,5.41,814.4,626,455.7,406.1,162.7,12.3,54.9,20,55,20.5,94.8,90.3,484.3,143.194,98.325,33.018,11.852,189.466,109.934,79.533,2.7,40.9,38.2,3.2,2844.2,584.373,315.713,305.641,50.369,1559.275,733.362,775.78,-39.8,149.8,189.6
1966q4,833.3,838.6,795.3030266,4827.5,4867.2,4607.374728,3128.1,76.54935369,60.18829037,59.28037623,5.734915,4.777672427,2945.165401,51.97262439,15.97426357,56.85666631,26.97751974,0.329,17.16,17.628,7.96331217,32.88333333,34.03333333,NA,27.06666667,17.254,NA,NA,NA,NA,NA,NA,NA,3.7,77.15477173,76.48333333,59.78871068,59.46595966,74.11925921,73.65666667,65.024,38.928,54.285,129.0457193,128.617,56.96983854,5.003333333,5.21,5.563333333,828.5,639.6,463.8,413.5,164.8,12.2,55.9,20,56.7,20,95.9,91.2,490.1,145.855,99.163,30.188,16.504,193.621,111.155,82.466,3.8,42.6,38.8,4.1,2856,587.798,315.686,273.578,69.319,1586.198,741.616,795.599,-38.2,153.5,191.7
1967q1,844.2,849.4,807.4720646,4870.3,4909.6,4658.411746,3149.5,76.85748093,60.61103864,59.30595262,5.746704,4.548508492,2979.971375,52.15868239,16.19289534,57.12525547,27.19896993,0.329,17.209,17.725,8.064454332,32.96666667,34.23333333,NA,27.5,17.326,NA,NA,NA,NA,NA,NA,NA,3.833333333,77.36041847,76.496,59.73836882,59.27915873,74.32766951,73.572,65.45533333,39.236,54.226,129.4987125,129.0436667,56.9536339,4.583333333,4.513333333,4.823333333,836.8,650.5,470,418.8,168.1,11.9,57,20.3,57.8,21.1,93.3,88.6,494.3,142.811,97.999,29.389,15.423,202.588,117.935,84.654,4.5,43.9,39.4,4.3,2872.5,573.373,310.577,266.048,64.874,1653.233,789.625,805.316,-39.3,155.4,194.7
1967q2,849,854.1,820.5946306,4873.3,4911.7,4710.251841,3142.2,77.19067776,61.02099344,59.33383652,5.75827,3.461559257,3015.323332,52.36181961,16.40578014,57.39511344,27.41486644,0.329,17.291,17.844,8.153196348,33.16666667,34.5,NA,27.93333333,17.43,NA,NA,NA,NA,NA,NA,NA,3.833333333,77.51840102,76.94,59.61938118,59.4007427,74.43874142,74.00133333,65.612,39.38,53.9,130.0221497,129.527,57.3397338,4.82,3.66,3.99,845.7,657.6,475.6,423.6,169.4,11.1,57.4,20.4,58.8,21.7,92.2,87.7,503.5,137.495,98.297,32.857,6.341,203.811,117.918,85.893,4.2,43.2,39,3.3,2911.8,552.629,309.832,296.718,28.499,1646.377,780.991,809.6,-39.9,153.3,193.2
1967q3,865.2,870.9,837.6495204,4919.4,4961.1,4762.752023,3168.8,77.54509966,61.41912312,59.36408285,5.769672,3.289022313,3051.090829,52.57937682,16.61450069,57.66624621,27.62527935,0.329,17.452,18.006,8.256707853,33.5,34.86666667,NA,28.33333333,17.587,NA,NA,NA,NA,NA,NA,NA,3.8,78.44967507,77.66266667,60.03650373,59.66447886,75.17875246,74.71366667,66.065,39.581,54.081,130.6699594,130.1656667,58.15492312,5.246666667,4.3,3.893333333,862.8,671.6,485.3,432,172.9,12,58.6,20.4,59.8,22.1,93.2,88.2,510.7,142.835,98.785,34.786,9.263,208.379,120.961,87.418,3.3,42.8,39.5,3.6,2926.7,568.833,309.3,312.497,38.402,1664.669,793.904,812.605,-43.6,152.1,195.7
1967q4,881.4,887,856.471076,4956.5,4997.3,4816.313692,3192.3,77.91238719,61.81704689,59.39674267,5.780984,2.910655676,3087.162745,52.80563076,16.81802302,57.9386598,27.8321186,0.329,17.602,18.188,8.370312903,33.86666667,35.23333333,NA,28.83333333,17.781,NA,NA,NA,NA,NA,NA,NA,3.9,78.95685353,78.292,60.15595028,59.87580046,75.61917855,75.21633333,66.60933333,39.695,54.327,131.2536053,130.7573333,58.36910029,5.643333333,4.753333333,4.173333333,881.1,683.2,496.2,441.6,172.8,11.5,58.4,20.3,61.4,21.2,96.8,91.8,518.2,147.653,101.744,37.476,8.433,213.293,123.209,90.084,2.2,43.9,41.7,2.8,2944.6,581.104,315.527,330.598,37.36,1677.307,794.348,826.713,-51,155,206
1968q1,909.4,915.2,875.6863014,5057.6,5099.3,4870.102307,3269.5,78.28681541,62.20846105,59.4318628,5.792286,3.849974414,3123.331155,53.03664887,17.02167919,58.21236027,28.03554057,0.329,17.789,18.395,8.483303633,34.2,35.66666667,NA,29.23333333,17.975,NA,NA,NA,NA,NA,NA,NA,3.733333333,78.88301975,78.02133333,59.85589217,59.43712687,75.85905853,75.10266667,67.10466667,40.581,54.425,131.7882282,131.267,58.81924704,5.61,5.05,4.79,904.1,702.5,510.9,454.2,176.8,11.6,60.1,20.1,62.4,22.6,98.1,92.9,536.3,152.288,105.582,38.268,8.438,219.749,126.409,93.34,1.1,45.5,44.4,1.6,3015.2,592.754,324.814,331.574,34.133,1707.281,808.274,841.865,-58.9,159.3,218.2
1968q2,934.3,940.3,894.638856,5142,5184.6,4923.7215,3331.6,78.66779988,62.58877847,59.46948544,5.803658485,4.433201592,3159.910875,53.27198527,17.23277637,58.48735368,28.23858482,0.329,17.971,18.609,8.581026646,34.53333333,36.03333333,NA,29.6,18.177,NA,NA,NA,NA,NA,NA,NA,3.566666667,79.50518636,78.74566667,60.10625553,59.7860995,76.47430627,75.95,67.70433333,40.961,54.945,132.2743958,131.7123333,58.88220087,5.743333333,5.52,5.983333333,927.5,722.4,524,465.9,180.8,11.2,61.9,20.1,64.2,23.4,102.1,96.6,550,158.943,105.299,39.563,14.082,223.637,127.154,96.483,1.7,47.2,45.4,2,3061.1,615.427,320.822,339.668,59.786,1716.107,803.856,858.359,-59.5,162,221.5
1968q3,950.8,957.1,913.462838,5181.9,5225.6,4978.410896,3356.5,79.05830074,62.97138757,59.50964782,5.815175533,4.087430865,3197.311174,53.51057256,17.449987,58.76364616,28.44541563,0.329,18.157,18.817,8.685781455,35,36.53333333,NA,30.03333333,18.351,NA,NA,NA,NA,NA,NA,NA,3.533333333,79.67784705,78.87966667,59.98773311,59.64436043,76.61508366,76.10066667,68.31333333,40.977,55.333,132.8235673,132.25,59.21419874,5.46,5.196666667,5.946666667,949.3,741.3,537.8,478.3,185.2,11.8,63.2,20.2,66,24,102.6,96.9,566.1,155.683,107.609,40.394,7.681,227.37,128.537,98.832,1.7,49.9,48.2,1.8,3118.4,598.643,325.24,346.533,32.636,1721.216,799.26,870.805,-61.3,173.5,234.8
1968q4,968,974.3,936.6469524,5202.2,5245.7,5033.703281,3369.1,79.46074951,63.34829852,59.55238177,5.826905,3.347370913,3235.375036,53.75041811,17.6738731,59.04124384,28.65561672,0.329,18.358,19.036,8.814558463,35.43333333,37.06666667,NA,30.6,18.607,NA,NA,NA,NA,NA,NA,NA,3.4,79.96999085,79.195,59.9269053,59.59888621,76.97113591,76.49866667,68.98433333,40.879,55.677,133.4458879,132.88,59.62710402,5.77,5.586666667,5.916666667,969.2,757.5,550.3,489.4,188.2,12,63.5,20,68.5,24.2,104.1,98,575,160.76,112.182,42.572,6.007,231.347,129.749,101.598,0.9,49.1,48.2,0.7,3132.5,605.155,334.101,351.331,27.116,1722.739,795.373,878.05,-63.2,169.6,232.8
1969q1,993.3,999.7,956.4841149,5283.6,5327.3,5087.767512,3427.7,79.87575867,63.69601487,59.59771332,5.838901,3.849084847,3272.934395,53.9845234,17.90290254,59.30347695,28.86257038,0.329,18.536,19.244,8.953963182,35.86666667,37.56666667,NA,31.16666667,18.793,NA,NA,NA,NA,NA,NA,NA,3.4,80.64027906,79.87366667,60.15089286,59.84121989,77.86729091,77.16633333,69.681,41.204,56.198,134.0633118,133.476,60.03471637,6.176666667,6.093333333,6.566666667,988.7,772.4,562.8,499.1,192.1,11.6,64.1,20.2,72.2,24,103.5,97.2,587,172.388,115.993,44.906,11.489,233.705,129.608,104.096,0.2,44,43.8,1.7,3167.2,640.79,342.643,363.133,45.46,1726.594,792.803,886.106,-61,149.9,210.9
1969q2,1009,1015.2,978.6678912,5299.6,5342.1,5140.285784,3431.2,80.3052488,64.00933763,59.64566231,5.851209641,3.099326039,3309.619463,54.21063026,18.13194222,59.54746189,29.06434779,0.329,18.772,19.474,9.111411165,36.43333333,38.16666667,NA,31.76666667,19.041,NA,NA,NA,NA,NA,NA,NA,3.433333333,81.24315151,80.36733333,60.33732241,59.96652249,78.22345099,77.605,70.34533333,40.867,56.718,134.6482546,134.0203333,60.22966372,6.353333333,6.196666667,8.326666667,1007.4,790.6,576.7,511.4,196,12.5,64.6,20.3,74.5,24.1,100.3,93.9,598.3,172.721,118.368,45.13,9.222,236.859,129.782,107.076,1.1,53.8,52.7,0.5,3187.7,637.015,346.395,359.728,37.989,1721.163,782.877,893.607,-69.7,182.8,252.5
1969q3,1030,1035.9,1002.251322,5334.6,5375.5,5190.8834,3451.6,80.75527252,64.27918869,59.69760194,5.863864,2.768634714,3345.289575,54.4308526,18.36152479,59.77521192,29.25873573,0.329,19.002,19.699,9.236874075,36.93333333,38.7,NA,32.26666667,19.312,NA,NA,NA,NA,NA,NA,NA,3.566666667,81.92012961,81.07433333,60.57531707,60.23576904,78.74171338,78.153,70.88366667,40.909,56.998,135.2368152,134.595,60.4244884,6.856666667,7.023333333,8.983333333,1028.5,811.6,593.4,526.4,199.8,13.1,64.8,20.4,77.2,24.3,97.4,90.7,608.6,177.564,122.408,44.962,10.194,242.535,133.392,109.143,1.2,53.6,52.4,1.7,3203.2,649.948,354.272,356.88,43.899,1724.612,784.308,895.568,-69.5,179.7,249.2
1969q4,1038.1,1044.2,1024.712795,5308.6,5349.4,5240.140971,3424.6,81.23115173,64.50900744,59.75377077,5.876888,1.306434866,3380.277757,54.65025223,18.59022961,59.9887403,29.44606004,0.329,19.221,19.93,9.395932227,37.5,39.23333333,NA,32.46666667,19.554,NA,NA,NA,NA,NA,NA,NA,3.566666667,82.3994858,81.505,60.63974313,60.26396214,79.1611161,78.57533333,71.14933333,40.703,56.836,135.8836327,135.2466667,60.89336371,7.296666667,7.353333333,8.94,1039.5,826.8,604.9,536.5,202.7,14.1,63.2,20.4,80.4,24.6,92.4,85.5,620.6,171.573,123.284,42.503,5.787,242.838,131.991,110.848,3.1,56.3,53.1,2.5,3228.8,618.565,352.409,332.34,23.776,1701.376,766.456,893.629,-62.1,184.4,246.5
1970q1,1051.2,1057.5,1048.709593,5300.7,5342.4,5288.142064,3421.7,81.73501904,64.69860931,59.81400604,5.890298367,0.237473504,3414.756403,54.87267096,18.80942678,60.19006031,29.6258353,0.329,19.444,20.148,9.562060145,38.1,39.83333333,NA,33,19.823,NA,NA,NA,NA,NA,NA,100,4.166666667,82.99105339,82.21,60.75309088,60.47090958,79.4248431,78.78033333,71.31066667,40.829,56.614,136.6038372,135.9496667,61.02795042,7.366666667,7.21,8.573333333,1047.1,841.7,615,545.1,206.6,13.5,63.5,20.4,84.7,24.5,84.7,77.5,631.7,168.113,123.796,42.493,1.823,247.889,133.559,114.33,3.5,57,53.5,3.9,3248.9,600.116,349.935,332.533,4.328,1693.165,753.505,902.174,-58.8,186.8,245.7
1970q2,1067.4,1074,1072.683324,5308.2,5351.1,5334.474066,3426.6,82.26562491,64.84450914,59.878145,5.9041,-0.492533398,3448.377364,55.09972542,19.02100248,60.3811852,29.79424107,0.329,19.659,20.375,9.744054646,38.63333333,40.56666667,NA,33.7,20.109,NA,NA,NA,NA,NA,NA,99.47786182,4.766666667,83.44098615,82.56466667,60.74306944,60.40875058,79.26951571,78.63566667,71.167,41.426,55.878,137.3670888,136.6766667,61.524014,7.713333333,6.676666667,7.886666667,1061.9,860,620.2,549.1,210,12.4,64.3,20.2,88.8,24.3,88.5,81.1,641.6,171.455,125.008,41.365,5.081,249.143,131.76,117.383,5.2,60.4,55.2,5,3263.6,601.421,347.646,312.18,20.148,1673.464,733.64,907.097,-56.4,194.1,250.5
1970q3,1086.1,1092.6,1090.638586,5357.1,5399.6,5379.486206,3463.4,82.81914267,64.9546232,59.94602491,5.918292,-0.416140222,3481.368505,55.33148183,19.22336157,60.56412825,29.95329966,0.329,19.851,20.602,9.879683233,39.03333333,41.1,NA,34.3,20.274,NA,NA,NA,NA,NA,NA,98.57460464,5.166666667,83.7413495,82.91166667,60.61221621,60.31869592,79.22009788,78.616,70.978,42.076,55.604,138.1591942,137.456,62.01522818,7.46,6.326666667,6.706666667,1079.5,874.7,628.2,555.7,216.9,13.2,65.3,20.9,93.3,24.2,88.4,81.1,653.5,173.904,126.255,42.566,5.083,254.584,132.36,122.224,4.1,60.5,56.4,3.7,3292.2,611.208,348.844,330.188,20.25,1680.531,724.601,927.769,-55.1,194.9,249.9
1970q4,1088.6,1094.7,1113.97969,5299.7,5339.1,5423.257544,3405.6,83.3908168,65.03422982,60.01748302,5.932861,-2.278290184,3513.740999,55.56779269,19.41939192,60.74090273,30.10326327,0.329,20.108,20.892,9.995106018,39.6,41.76666667,NA,34.83333333,20.539,NA,NA,NA,NA,NA,NA,98.47895699,5.833333333,84.29272161,83.498,60.66059515,60.39186944,79.25719672,78.643,70.574,41.69,55.183,138.9579535,138.2603333,62.3743719,6.853333333,5.353333333,5.566666667,1083.5,883.7,630,556.4,220.1,12.5,66.4,21.2,95.8,24.2,83.5,76.9,660.2,166.754,123.52,47.218,-3.984,258.708,133.54,125.168,3,60.9,57.9,2.2,3283.2,578.757,336.895,363.458,-16.829,1681.319,721.879,932.457,-58.5,195.3,253.8
1971q1,1135.2,1142.6,1140.01851,5443.6,5489.2,5466.706098,3522.7,83.97552419,65.09880291,60.09235659,5.947782,-0.422669482,3545.792982,55.80797622,19.61367119,60.91417026,30.24712343,0.329,20.299,21.156,10.08391784,39.93333333,42.16666667,NA,35.4,20.85,NA,NA,NA,NA,NA,NA,98.0385427,5.933333333,84.61787424,83.676,60.55152749,60.18398421,79.35698738,78.71733333,70.844,42.925,55.438,139.7452348,139.0336667,62.67062974,6.016666667,3.84,3.856666667,1121.8,903.7,647.9,570.5,224.1,13.1,67.2,21.1,97.7,25,96.6,89.1,679.2,189.495,126.281,50.961,12.254,261.905,133.347,128.558,4.6,63.2,58.7,4.5,3346.3,646.232,339.663,382.325,47.696,1656.742,698.672,936.357,-53.8,197,250.8
1971q2,1156.3,1164.2,1164.186111,5473.1,5520.7,5510.427228,3544.3,84.56886287,65.15905548,60.17048286,5.963016,-0.67739263,3578.004266,56.05134529,19.81123811,61.08793205,30.38937651,0.329,20.53,21.397,10.19791886,40.3,42.6,NA,36,21.13,NA,NA,NA,NA,NA,NA,97.73677847,5.9,84.8142052,83.929,60.33806145,60.02331447,79.59731491,78.961,71.179,43.047,55.621,140.5650151,139.8273333,63.07667977,6.246666667,4.25,4.566666667,1144,927.1,659.8,580.4,228.9,13.3,69.6,21.7,99.3,25,98.7,90.8,693.2,197.329,129.481,56.974,10.875,266.118,134.252,131.867,-0.4,62.9,63.3,-0.1,3377,664.569,344.293,419.008,40.589,1652.914,690.506,943.326,-74.1,195.6,269.7
1971q3,1177.7,1184.9,1185.437696,5518.1,5562,5554.354888,3578,85.16654578,65.21756679,60.25169908,5.978505611,-0.652729045,3610.610837,56.29628869,20.01346813,61.26218951,30.53288855,0.329,20.732,21.599,10.30080757,40.7,42.96666667,NA,36.53333333,21.343,NA,NA,NA,NA,NA,NA,96.68332573,6.033333333,85.40245792,84.58133333,60.41622802,60.15627963,80.13678495,79.511,71.434,43.454,55.624,141.3568187,140.6026667,63.42696393,6.483333333,5.01,5.476666667,1165.5,941.1,670.1,588.8,232.7,13,71.6,22,100.9,25.2,101.4,93.7,705.6,202.058,131.19,60.68,10.188,269.783,135.604,134.18,0.2,65.7,65.5,0,3403.9,672.632,345.81,438.27,38.579,1652.012,687.505,946.501,-70.3,205.4,275.7
1971q4,1190.3,1198,1204.850026,5531,5576.9,5598.610008,3584.9,85.76587695,65.27782619,60.33584252,5.994177,-1.207621327,3643.652044,56.54177925,20.22490889,61.43694405,30.67851985,0.329,20.86,21.722,10.39920911,41,43.2,NA,36.6,21.52,NA,NA,NA,NA,NA,NA,94.17089363,5.933333333,86.12621684,85.31833333,60.58604956,60.33757264,80.85069243,80.22866667,71.866,43.077,56.218,142.1551949,141.4016667,64.04827487,5.89,4.23,4.75,1190,959.3,682.2,598.4,237.7,14.2,73.6,22.5,102.5,24.9,105.8,97.6,721.7,198.411,134.711,63.995,-0.295,272.067,134.712,137.355,-1.9,60,61.9,-3.1,3460.4,654.519,352.862,455.149,-2.228,1640.336,669.35,958.392,-70.6,186.4,257
1972q1,1230.6,1238.8,1232.959784,5632.6,5680.3,5643.401007,3682.1,86.3639713,65.34438982,60.42275042,6.00994,-0.191391803,3677.320084,56.78596786,20.44486894,61.61219709,30.82885377,0.329,21.08,21.931,10.49425373,41.33333333,43.56666667,NA,36.9,21.865,NA,NA,NA,NA,NA,NA,91.92058984,5.766666667,86.79567643,86.20833333,60.70675901,60.28329946,81.56939032,81.21333333,72.67766667,43.751,56.853,142.9753093,143.0053333,64.99396434,6.033333333,3.436666667,3.546666667,1225.6,986.5,708.4,618.5,242,13.1,74.8,23.1,104.9,26.1,111.5,102.7,738.9,212.968,140.585,69.156,3.227,282.228,141.416,140.811,-3.5,68.6,72.2,-5,3506.1,697.648,364.118,484.85,13.935,1649.269,674.832,961.035,-87,207.6,294.6
1972q2,1266.4,1274.5,1250.636053,5760.5,5807.7,5688.794205,3781.9,86.95818112,65.41988496,60.51226004,6.025690556,1.260474398,3711.499092,57.02719027,20.6750598,61.78795005,30.98377717,0.329,21.202,22.079,10.55924668,41.6,43.9,NA,37.2,21.999,NA,NA,NA,NA,NA,NA,91.31799878,5.7,87.40111826,86.80966667,60.80831397,60.38569269,82.21669553,81.875,73.463,44.613,57.266,143.7321849,143.7586667,65.37377214,6.143333333,3.77,4.3,1249.1,1004.2,722.5,630.4,245.6,15.4,75.9,20.2,107.7,26.4,113.4,104.3,757.4,226.798,143.976,70.824,11.998,286.464,144.235,142.229,-4.3,67.2,71.4,-4.8,3572.8,737.276,370.053,494.037,45.638,1655.872,681.39,959.394,-82.6,201.5,284.1
1972q3,1290.6,1299.5,1272.86921,5814.9,5865.5,5735.012527,3825.3,87.54833669,65.50681308,60.60420862,6.041317,1.392978174,3746.34761,57.26680517,20.91551641,61.96420436,31.14383521,0.329,21.388,22.245,10.67600178,41.93333333,44.23333333,NA,37.36666667,22.198,NA,NA,NA,NA,NA,NA,91.5907474,5.566666667,87.87364416,87.35066667,60.8157924,60.44080744,82.79619196,82.45033333,74.038,44.869,57.592,144.4914893,144.5226667,65.59735405,6.29,4.22,4.743333333,1281.7,1030.1,735.7,642.3,257.9,17.2,78.4,23.9,111.3,27.1,118.2,108.2,775.8,233.09,147.015,72.36,13.715,284.316,138.763,145.552,-2.6,71.5,74.1,-3.6,3627.9,747.745,375.481,496.219,48.838,1624.317,650.144,967.109,-76.3,213.7,290
1972q4,1328.9,1337.9,1299.712935,5912.2,5962.7,5782.348421,3898.2,88.13680608,65.60651194,60.69843342,6.056706,2.245654699,3782.009288,57.50809247,21.16462995,62.14096144,31.30838063,0.329,21.562,22.385,10.75824135,42.36666667,44.46666667,NA,37.83333333,22.45,NA,NA,NA,NA,NA,NA,92.15028528,5.366666667,88.20363922,87.67533333,60.75849782,60.37622376,83.29146594,83.002,74.97166667,45.248,58.197,145.1708689,145.215,65.17676864,6.373333333,4.863333333,5.146666667,1331.4,1077,758.8,664,272.3,22.4,83.3,23.8,115.1,27.7,125.7,115.5,800.5,239.715,154.967,77.257,7.491,291.749,142.167,149.582,-3.1,76.1,79.2,-2.8,3713,752.434,393.47,513.755,19.615,1637.754,651.828,980.407,-80.4,222.7,303.1
1973q1,1377.5,1388.2,1325.69771,6058.5,6115.8,5830.663939,4045.9,88.72745017,65.71431871,60.7947717,6.071745396,3.907549182,3818.79889,57.76329686,21.4205811,62.31607311,31.47326448,0.329,21.823,22.541,10.84783667,43.03333333,44.8,NA,38.1,22.735,NA,NA,NA,NA,NA,NA,89.14856148,4.933333333,88.68763033,88.23233333,60.77715803,60.44787197,84.19634794,83.84166667,75.97166667,46.272,59.069,145.9226348,145.9643333,66.80872625,6.603333333,5.7,6.536666667,1370.8,1095.1,785.4,683.4,274.3,21.8,82.4,23.5,118.2,28.4,133.5,121,825,254.313,162.839,80.925,10.55,299.571,146.354,153.217,-1.4,84,85.4,2.2,3780.8,796.53,409.969,530.912,32.168,1651.865,660.26,984.882,-78.1,239,317.1
1973q2,1413.9,1425.5,1357.677592,6124.5,6185.1,5880.965,4089.7,89.32192671,65.84010462,60.8930607,6.086335,4.141072087,3856.761698,58.03624584,21.68066374,62.48917117,31.63664856,0.329,22.242,22.848,10.98027171,43.93333333,45.26666667,NA,38.46666667,23.111,NA,NA,NA,NA,NA,NA,85.66986717,4.933333333,89.79111843,89.181,61.2147201,60.78326241,85.13360065,84.79733333,76.66333333,46.289,59.686,146.6822331,146.7196667,66.8703216,6.806666667,6.603333333,7.816666667,1399.5,1124.9,803.2,700.2,285,27.6,82.4,23.3,122.4,29.3,131.2,117.2,840.5,268.196,171.283,78.707,18.206,302.709,146.517,156.192,2.5,91.9,89.5,5.4,3779.1,830.483,425.217,503.401,62.868,1640.23,649.638,986.459,-57.4,250.5,308
1973q3,1433.8,1447.7,1396.048915,6092.3,6161.5,5931.893431,4078.8,89.92034562,65.96831219,60.99313768,6.10038662,2.704137733,3895.771922,58.32715897,21.94325202,62.66052105,31.79725842,0.329,22.647,23.152,11.11730505,44.8,45.73333333,NA,38.73333333,23.553,NA,NA,NA,NA,NA,NA,83.08658837,4.8,90.16040538,89.65033333,61.15557265,60.78881644,85.6476039,85.33033333,77.119,45.855,60.089,147.4279473,147.4783333,67.55084249,7.206666667,8.323333333,10.56,1431.4,1152.5,820.4,716.2,294.9,29.5,84.3,22.3,128.4,30.4,133,116.6,858.9,264.335,176.642,77.932,9.761,304.189,144.24,159.949,6.4,97.6,91.1,12.5,3792.4,800.37,431.763,481.817,29.975,1620.936,626.659,996.795,-48.1,251.4,299.4
1973q4,1476.3,1490.6,1436.419691,6150.1,6219.8,5983.963113,4073.8,90.52324799,66.10415828,61.09483989,6.113830566,2.77636883,3935.708975,58.63491679,22.20478708,62.83038815,31.95461875,0.329,23.11,23.474,11.28768332,45.93333333,46.5,NA,39.73333333,23.961,NA,NA,NA,NA,NA,NA,85.04268514,4.766666667,91.18813357,90.579,61.54483181,61.10871237,86.50680468,86.236,77.85266667,45.57,60.39,148.1653794,148.226,67.9903398,6.753333333,7.5,9.996666667,1475.2,1190.7,841.7,735.3,310.1,37.5,84.7,23.3,133.1,31.5,135.8,119.1,873.9,280.858,180.142,75.723,24.993,312.593,147.63,164.963,9,107.6,98.7,15.4,3781.1,828.879,435.01,459.97,69.558,1633.097,628.077,1008.921,-37.9,263.7,301.7
1974q1,1491.2,1508.3,1476.413524,6097.3,6177.6,6036.840251,4047.2,91.13084649,66.24365387,61.19800458,6.126616478,1.001513144,3976.307246,58.95771255,22.46347792,62.9990379,32.1074848,0.329,23.798,23.877,11.51172117,47.3,47.23333333,NA,40.36666667,24.446,NA,11.59,8.236666667,NA,NA,NA,87.03751151,5.133333333,91.79088973,91.379,61.64294584,61.33367639,87.05229701,86.70933333,78.21666667,45.46,60.141,148.9073705,148.9866667,68.32342644,7.053333333,7.616666667,9.323333333,1491.1,1206.8,858.3,748.2,309.6,28.6,87.1,23.5,137.9,32.5,130.3,111.1,891.9,268.361,183.404,72.438,12.519,324.586,152.687,171.899,6.4,116.7,110.3,16.5,3747.3,781.544,434.558,430.059,33.922,1662.599,643.206,1021.664,-24.3,267.2,291.4
1974q2,1530.1,1546.5,1524.726313,6111.8,6188.2,6090.335456,4046,91.74311275,66.38466119,61.302469,6.138715,0.35243615,4017.395066,59.29351997,22.70336888,63.16673571,32.25553764,0.329,24.472,24.47,11.80530676,48.56666667,48.46666667,NA,41.5,24.989,NA,12.93333333,9.34,NA,NA,NA,84.06166926,5.2,92.24737826,91.58366667,61.63381441,61.15906865,87.22548237,86.83366667,78.51166667,45.324,60.304,149.6700782,149.7466667,68.98240705,7.543333333,8.153333333,11.25,1520.4,1232.9,878.5,765.3,309.2,20.1,88.5,22.9,144.4,33.3,128.9,110.8,920.4,277.391,188.818,71.157,17.416,334.957,154.877,180.08,-2.7,126.7,129.4,2.7,3760.8,778.425,433.813,412.701,44.484,1670.929,641.003,1034.302,-26.7,280.2,306.9
1974q3,1560,1575.3,1582.986737,6054,6124.2,6143.20622,3990.9,92.35951745,66.51405713,61.40807042,6.150114536,-1.452111757,4057.947055,59.6398788,22.92363129,63.333747,32.39191324,0.329,25.132,25.169,12.18488101,49.93333333,50.13333333,NA,43.16666667,25.759,NA,12.65333333,9.2,NA,NA,NA,86.32070883,5.633333333,92.78765567,92.253,61.69467771,61.29848902,87.37113739,87.079,78.62166667,44.859,60.099,150.3981528,150.498,69.35767028,7.963333333,8.19,12.09,1556.5,1269.1,900.2,783.1,318.1,21.5,89.5,23.3,150.3,33.5,124.3,107.3,949.3,271.013,194.485,70.949,5.578,346.71,160.404,186.306,-7,126.6,133.6,0.3,3776.9,738.08,429.395,398.879,14.232,1674.253,645.118,1032.405,-36.4,265.1,301.5
1974q4,1599.7,1613,1643.462743,6030.5,6092,6195.475445,3960.7,92.98091193,66.63169156,61.51464607,6.16081953,-2.662837532,4097.857889,59.99501907,23.12297646,63.50033718,32.51686545,0.329,25.771,25.784,12.54535623,51.46666667,51.6,NA,44.43333333,26.541,NA,12.59666667,9.303333333,NA,NA,NA,86.26660077,6.6,93.34822495,92.688,61.76221343,61.28010684,86.93145858,86.58833333,78.18233333,45.259,59.117,151.1413205,151.253,69.88038574,7.67,7.36,9.346666667,1583.2,1298.5,913.8,792.5,326.9,23.7,89.8,23,157,33.4,119.3,103.8,959.1,281.339,197.569,63.324,20.446,359.228,167.37,191.858,0,136.6,136.6,4.4,3721.7,742.56,418.112,346.943,52.492,1682.266,651.499,1032.767,-26.5,272,298.5
1975q1,1616.1,1627.5,1694.635043,5957,6009.8,6246.482862,3866.5,93.60766805,66.73046121,61.62203322,6.170844,-4.63433372,4136.980332,60.35681463,23.30307291,63.66685387,32.63052949,0.329,26.256,26.288,12.85233563,52.56666667,52.7,NA,45.8,27.141,NA,13.03333333,9.826666667,NA,NA,36.26376955,84.63633423,8.266666667,93.79803049,93.023,61.75555028,61.20444248,85.80644638,85.35666667,76.953,45.595,57.287,151.8859925,151.9873333,69.98771289,7.54,5.75,6.303333333,1600.7,1318.4,918.4,791.9,331.8,19.7,93,22.7,163.5,32.9,117.8,103.9,985.2,244.306,193.137,61.197,-10.028,370.138,168.635,201.504,16.5,141.4,124.9,17.9,3752.9,622.949,394.242,327.364,-21.151,1700.574,644.637,1063.327,5.3,273.9,268.6
1975q2,1651.9,1663.5,1733.650611,5999.6,6052.7,6296.513229,3892.1,94.23938604,66.81403067,61.73006911,6.180209,-4.715518226,4175.322168,60.72257705,23.47002125,63.83380721,32.73458,0.329,26.578,26.688,13.1257149,53.2,53.53333333,NA,47.03333333,27.534,NA,13.56,9.983333333,NA,NA,37.00912318,85.58809096,8.866666667,94.20361989,93.61933333,61.72748144,61.30624308,85.73230658,85.33166667,76.535,46.319,56.763,152.612123,152.7076667,70.3436956,8.05,5.393333333,5.42,1638,1350,931.2,800.4,335.2,20.1,94.2,22.4,165.9,32.6,128.9,115.6,1013.6,243.281,193.276,63.959,-13.954,373.408,169.392,204.016,21.6,136.8,115.2,21.5,3814.7,604.403,384.768,336.588,-37.094,1686.211,638.243,1055.677,18.8,265.9,247.1
1975q3,1709.8,1722.8,1778.091149,6102.3,6159.3,6346.03206,3975.5,94.8741689,66.8889344,61.83859099,6.188934,-3.840700109,4213.157946,61.0905079,23.6299592,64.00119836,32.83227533,0.329,27.076,27.089,13.44009293,54.26666667,54.23333333,NA,48.13333333,28.021,NA,14.10666667,10.72333333,NA,NA,37.02100967,88.76109145,8.466666667,94.6127434,94.12833333,61.65445032,61.28984649,86.44621206,86.13566667,77.05033333,46.885,57.28,153.4564705,153.579,70.85632009,8.296666667,6.33,6.16,1700.8,1386.5,956,821.3,345.4,23.8,96.9,22.2,169.7,32.8,149.8,135.4,1047.2,265.192,197.807,68.772,-1.388,385.394,176.118,209.275,12,134.1,122.1,18.4,3868.9,651.26,388.867,358.776,-5.93,1717.716,654.702,1069.166,-6.2,261.4,267.6
1975q4,1761.8,1777.8,1821.878,6184.5,6251.1,6395.393626,4047.6,95.5072977,66.96235555,61.94743613,6.197032452,-3.297586331,4250.691506,61.45723265,23.78208092,64.16902845,32.92710609,0.329,27.53,27.53,13.79722451,55.26666667,55.16666667,NA,49,28.489,NA,14.83666667,10.96,NA,NA,37.63800059,89.42331557,8.3,94.93778724,94.30866667,61.56667372,61.10593963,86.90168034,86.497,77.74733333,46.936,58.256,154.2032101,154.3363333,71.37718447,8.063333333,5.626666667,5.413333333,1746.7,1422.7,983.4,845.8,353.4,24.3,100.8,21.9,173.1,33.3,159,142,1076.2,276.236,202.883,73.005,0.348,395.571,180.772,214.799,13.8,142.5,128.7,21.6,3910.5,669.438,393.523,374.145,0.387,1732.769,656.879,1083.466,-5.7,276.2,281.9
1976q1,1820.5,1836.2,1855.265482,6323.6,6388.7,6444.359682,4175.1,96.13616127,67.03366971,62.05644177,6.204509,-1.873881775,4287.794766,61.82107866,23.9433209,64.33729864,33.01903585,0.329,27.833,27.949,14.09863852,55.9,56.2,NA,50.2,28.8,NA,13.34666667,10.58,NA,NA,38.32384812,88.74820151,7.733333333,95.72206526,95.049,61.77520089,61.29227793,88.08310144,87.68566667,78.789,47.631,59.214,154.9522525,155.075,71.79065979,7.753333333,4.916666667,4.826666667,1801.8,1456.1,1014.7,871.2,358.5,19.4,107,21.6,174.4,36.1,175.1,159.1,1109.9,304.638,209.504,80.441,14.693,401.291,181.601,219.691,4.7,143.6,138.9,13.2,3988.7,734.031,401.933,409.621,39.195,1735.49,650.359,1095.656,-25.2,274.3,299.5
1976q2,1852.3,1869,1888.335095,6370,6437.4,6493.92353,4215.8,96.7597315,67.11390605,62.16544517,6.211358,-1.908299799,4325.440739,62.18140174,24.11933489,64.50601009,33.11592076,0.329,28.066,28.284,14.38046417,56.4,56.96666667,NA,51.4,29.088,NA,13.42666667,10.72333333,NA,NA,39.05216303,88.79028726,7.566666667,96.3711001,95.826,61.62435567,61.51617411,88.81856978,88.591,79.32666667,48.069,59.246,155.6586108,155.7736667,72.02565649,7.773333333,5.156666667,5.196666667,1831.4,1481.2,1035.5,889.4,366.2,17,111.6,20.5,179,38.1,173.2,156.6,1129.5,322.303,215.008,84.847,22.448,400.985,182.502,218.482,-0.5,146.6,147.1,9,4025.4,763.083,407.281,419.72,58.961,1716.171,648.131,1076.476,-35.4,277.1,312.5
1976q3,1886.6,1903.7,1927.82999,6404.9,6472.9,6544.873477,4242.6,97.3789425,67.21035687,62.27428357,6.217563,-2.138673538,4363.997787,62.53882672,24.3085638,64.67516395,33.22016374,0.329,28.492,28.727,14.66955768,57.3,57.9,NA,52.63333333,29.459,NA,13.52,10.94333333,NA,NA,40.00875933,89.26172286,7.733333333,97.22859112,96.62566667,61.83335177,61.73112143,89.46158328,89.163,79.71433333,48.182,59.483,156.3826288,156.5266667,72.4334255,7.73,5.15,5.283333333,1869.2,1518.4,1058.4,908.5,375.5,16.1,116.6,20,182.9,39.9,174.7,158.4,1158.8,328.307,222.627,84.874,20.807,403.517,184.874,218.643,-4.1,151.8,155.8,2.4,4067.8,765.742,416.196,413.165,53.269,1711.14,649.119,1069.316,-40.2,285.1,325.3
1976q4,1934.3,1952.2,1977.865723,6451.2,6520.7,6596.498657,4277.6,97.99558759,67.31424158,62.38279423,6.223099,-2.202663325,4403.431937,62.89453421,24.51395974,64.84476138,33.33077095,0.329,28.942,29.176,14.94322314,58.13333333,58.7,NA,53.76666667,29.96,NA,13.59333333,11.26,NA,NA,40.6498706,91.64171188,7.766666667,97.78935888,97.102,61.92410099,61.76107669,89.9138203,89.57033333,80.19966667,48.32,59.803,157.0651687,157.222,72.80297123,7.19,4.673333333,4.873333333,1908.6,1554.9,1084.8,929.9,385,16.3,119.9,19.1,187.9,41.8,174.3,157.1,1192.4,337.65,230.244,96.888,10.518,410.818,190.224,220.595,-6.6,156.1,162.7,3.8,4120.5,771.471,424.233,463.174,19.461,1710.087,650.524,1066.119,-48.1,288,336.2
1977q1,1988.6,2009.4,2025.829372,6527.7,6606.1,6649.907669,4350.6,98.61242181,67.43478708,62.49081441,6.227931,-1.837734818,4444.006894,63.2503257,24.73044555,65.01480354,33.44867619,0.329,29.465,29.667,15.23630255,59.2,59.66666667,NA,55,30.443,NA,14.38333333,11.77333333,NA,NA,41.96182155,92.09045591,7.5,98.43009982,97.70266667,62.19821611,61.87211335,90.72076806,90.35933333,81.023,48.632,60.434,157.765115,157.9106667,73.23947472,7.353333333,4.63,4.66,1960.9,1588.8,1113.3,950,393.8,16,122.6,16.4,196.2,42.6,184.1,165,1228.2,360.313,243.278,102.213,14.822,421.202,194.23,226.972,-21.1,155.4,176.4,-8,4169.1,807.213,439.694,476.949,33.147,1724.629,654.98,1076.689,-68.5,283.4,351.9
1977q2,2055.9,2076.7,2071.375602,6654.5,6731.6,6704.591151,4451.3,99.23045813,67.56585908,62.59818135,6.232016563,-0.747117154,4485.455193,63.60688711,24.95744354,65.18529161,33.57139262,0.329,29.969,30.121,15.58368276,60.23333333,60.63333333,NA,56.5,30.925,NA,14.53666667,11.86666667,NA,NA,43.50576795,91.98699691,7.133333333,99.27978215,98.696,62.43696408,62.20898106,91.86964326,91.66133333,82.10133333,48.831,61.58,158.5229439,158.6523333,73.44202616,7.37,4.84,5.156666667,2035.2,1633,1150.3,980.9,403.4,14.1,126.4,16.3,202.7,43.9,204.9,185.7,1256,389.703,253.749,116.485,19.469,431.362,198.93,232.431,-21.1,161.9,183,-8.8,4191.7,865.083,451.828,529.28,49.461,1740.413,663.298,1083.274,-64.2,291,355.2
1977q3,2118.5,2139.4,2113.995959,6774.5,6851,6760.097062,4546.4,99.84832818,67.70365799,62.7047323,6.235309,0.213058155,4527.704775,63.96338077,25.20059759,65.35622674,33.69874036,0.329,30.42,30.622,15.85057145,61.06666667,61.5,NA,57.73333333,31.351,NA,14.54,11.97333333,NA,NA,44.83453534,91.34718362,6.9,99.91875278,99.244,62.49984898,62.24939315,92.7442574,92.409,83.147,49.343,62.242,159.2675383,159.4296667,73.96723263,7.356666667,5.496666667,5.82,2097.9,1677.7,1182.1,1007.5,413.5,11.8,130.6,15.6,209.9,45.6,219.6,199.9,1286.9,414.134,263.268,119.982,30.884,438.014,201.899,236.115,-20.6,162.3,182.9,-7.9,4231.3,908.859,460.849,527.709,86.816,1747.409,669.92,1082.145,-57,293.3,350.3
1977q4,2164.3,2183,2177.880966,6774.6,6843.5,6817.110564,4532.7,100.4649538,67.85560844,62.81030453,6.237757,-0.623586255,4571.062983,64.31916082,25.4600142,65.52761012,33.83325735,0.329,30.852,31.067,16.11088731,61.96666667,62.33333333,NA,58.66666667,31.875,NA,14.64333333,12.19,NA,NA,46.59722689,89.73994493,6.666666667,100.8603767,100.294,62.83976899,62.62881931,93.86581523,93.63933333,84.12766667,48.715,62.855,159.9568181,160.1403333,74.42025785,7.596666667,6.11,6.513333333,2155.5,1737.4,1217.6,1038.2,437.1,22,134.5,15.1,218.7,46.8,214.5,196.1,1324.8,422.299,275.943,122.235,24.121,446.749,206.299,240.45,-29.6,157.8,187.4,-18.9,4295,886.06,474.873,521.455,45.665,1743.244,665.286,1083.786,-71.4,283.9,355.3
1978q1,2202.8,2224.9,2228.490812,6796.3,6874.8,6875.563875,4556.5,101.081499,68.02000311,62.91473528,6.239311,-1.152834544,4615.574124,64.67501732,25.73675377,65.69944292,33.97474084,0.329,31.358,31.552,16.46796829,63.03333333,63.43333333,NA,59.8,32.397,NA,14.5,12.18333333,NA,NA,48.0179535,87.42407438,6.333333333,101.3775421,100.934,62.86072872,62.75871217,94.82615168,94.55266667,85.00066667,48.743,63.147,160.658765,160.8286667,74.97785292,8.01,6.393333333,6.756666667,2200,1778.1,1250.9,1063.8,447.7,18.5,140,15.9,225.1,48.2,209.9,187.5,1354.1,434.799,282.424,126.921,25.453,452.589,208.795,243.794,-38.7,164.6,203.3,-25,4319.1,903.329,479.025,526.316,54.392,1743.682,665.754,1083.636,-88.5,290.6,379.1
1978q2,2331.6,2350.4,2290.736953,7058.9,7126,6935.187459,4782.3,101.6991991,68.19313742,63.0178618,6.239927,1.783838464,4661.340906,65.03178084,26.02992429,65.87172631,34.12339202,0.329,32.002,32.096,16.76517598,64.46666667,64.73333333,NA,61.1,33.043,NA,14.48333333,12.34333333,NA,NA,49.47595706,87.18538659,6,102.6579483,101.947,63.27729115,63.11517698,96.11931946,95.83533333,86.54033333,49.712,64.986,161.3793721,161.5253333,75.53603581,8.32,6.476666667,7.283333333,2309.6,1838.2,1299.1,1106,463,20.9,145.2,15.6,231.9,49.4,239.7,220,1411.4,470.584,309.351,136.976,24.257,472.288,217.004,255.284,-22.6,186.2,208.8,-12.9,4411.4,962.001,516.147,551.498,53.511,1787.41,678.63,1116.157,-59.4,320.9,380.3
1978q3,2395.1,2415.9,2350.273107,7129.9,7202.4,6996.456192,4825.9,102.3190418,68.37882828,63.11952135,6.239574432,1.907305709,4708.341159,65.3901133,26.33546011,66.04446148,34.27857899,0.329,32.564,32.647,17.13933895,65.96666667,66.13333333,NA,62.36666667,33.626,NA,14.49333333,12.49333333,NA,NA,51.34053861,84.44074142,6.033333333,103.3769839,102.5683333,63.47732345,63.2103863,96.90126603,96.397,87.436,49.743,65.536,162.0859475,162.265,75.85232552,8.49,7.313333333,8.1,2365.9,1892.6,1336.9,1138,475.2,20.8,147.6,17.1,238,51.7,246.2,223.8,1442.2,492.368,325.1,142.302,24.966,484.229,222.073,262.155,-23.8,191.3,215.1,-11.4,4430,990.029,533.657,557.859,54.536,1803.917,683.061,1129.029,-60.8,324.4,385.2
1978q4,2476.9,2501.5,2419.714332,7225.8,7308,7058.973645,4916.3,102.9419315,68.57238387,63.21955118,6.23823452,2.363323104,4756.480706,65.75307831,26.65322786,66.21764962,34.43789727,0.329,33.179,33.233,17.58378039,67.5,67.6,NA,63.73333333,34.291,NA,14.77,12.77,NA,NA,52.91745835,83.29580709,5.9,104.103082,103.4836667,63.81944824,63.47756568,97.67305425,97.39966667,88.33933333,50.07,66.329,162.812756,163.024,76.23402463,8.82,8.57,9.583333333,2437.7,1946,1380.2,1174.4,487.3,19.5,151.4,17.5,245.3,53.6,258.4,231.5,1481.4,515.755,341.428,145.84,28.487,496.241,227.818,268.423,-16.4,205.4,221.8,-1.3,4465.7,1012.924,550.901,556.807,64.839,1820.148,688.835,1139.727,-53.2,337.3,390.5
1979q1,2526.6,2552.3,2486.325438,7238.7,7322.8,7123.313522,4906.7,103.5678049,68.77922663,63.31778854,6.235909462,1.61984275,4805.894899,66.12358503,26.98055236,66.3912919,34.60069749,0.329,33.804,33.687,18.02300335,69.2,69.16666667,NA,65.23333333,34.931,NA,15.93,13.41,NA,NA,54.52398506,83.88676521,5.866666667,104.6851369,104.3826667,63.86628386,63.74267458,98.43467623,98.25233333,89.114,49.615,66.806,163.5586601,163.7563333,76.40524217,9.106666667,9.383333333,10.07333333,2501.8,2005.2,1422.5,1208.6,506,23.8,156.3,17.3,253.2,55.4,250,222.3,1517.1,525.809,356.695,145.262,23.852,501.818,231.682,270.136,-18.2,211.7,229.8,-1.8,4488.8,1014.607,563.568,543.287,49.046,1802.151,687.822,1120.355,-51.9,337.5,389.5
1979q2,2591.2,2620.7,2569.322241,7246.5,7339.6,7185.31708,4913.2,104.1950183,68.96027463,63.41407069,6.232617,0.851499238,4852.856022,66.49775264,27.31188145,66.51902631,34.7422079,0.329,34.728,34.427,18.32177985,71.4,70.8,NA,66.6,35.775,NA,19.20333333,15.64,NA,NA,56.19021357,84.76772225,5.7,105.0019665,104.327,63.57194695,63.44098009,98.69111005,98.371,89.77133333,49.523,67.019,164.2803214,164.4473333,77.18050956,9.113333333,9.376666667,10.18,2550.2,2045.2,1454.7,1234.4,513.2,21.8,157.3,15.6,261.6,56.9,252.4,219.7,1557.6,539.293,364.268,147.625,27.401,516.508,237.578,278.929,-22.2,220.9,243.1,-2.7,4485.9,1013.693,563.036,533.706,55.49,1819.707,694.798,1130.904,-53.2,338.4,391.6
1979q3,2667.6,2703.7,2646.947419,7300.3,7410.1,7243.781018,4951.9,104.8215372,69.10584607,63.50823487,6.228393555,0.780241456,4896.0294,66.87572253,27.64072224,66.58813592,34.85318778,0.329,35.59,35.063,18.73210654,73.7,72.63333333,NA,68.2,36.522,NA,24.04333333,19.49,NA,NA,57.61712718,83.43006692,5.866666667,105.8022459,105.2093333,64.03669745,63.68616563,99.37321039,99.04066667,90.28133333,49.463,67.631,165.0050334,165.1996667,77.2645859,9.103333333,9.673333333,10.94666667,2609.1,2110.9,1496.7,1269.4,526.6,22.3,158.5,15.4,272.2,58.2,250.3,211.3,1611.9,545.621,383.003,150.488,12.131,533.106,243.694,289.412,-23,234.3,257.3,2.4,4529.6,996.622,579.667,527.198,20.445,1825.02,696.393,1134.804,-35,350.6,385.6
1979q4,2723.9,2760.4,2716.274961,7318.5,7427.6,7298.013253,4957.4,105.4434693,69.21256768,63.60011834,6.22329,0.280716764,4934.920569,67.25779218,27.95944993,66.59824842,34.9304786,0.329,36.451,35.794,19.23385612,76.03333333,74.83333333,NA,69.86666667,37.188,NA,26.99333333,22.11666667,NA,NA,59.19211019,84.36008733,5.966666667,106.5302117,105.9233333,64.11050425,63.78823038,99.86268552,99.637,90.57533333,49.405,67.785,165.8125192,166.0546667,77.74927524,10.44666667,11.84333333,13.57666667,2668.1,2169.6,1534.9,1300.9,544.9,20.8,157,16.1,290.9,60.1,244.1,205.2,1655,547.875,391.332,147.99,8.553,547.775,249.342,298.433,-26.8,253.7,280.5,-2.6,4540.8,978.943,581.264,506.125,14.701,1837.039,697.165,1147.526,-21.3,372.7,394
1980q1,2789.8,2827.8,2791.751844,7341.6,7452.5,7346.736445,4969,106.0538979,69.27361079,63.68955836,6.223206407,-0.069914652,4968.531011,67.63528188,28.27100287,66.5489915,34.9720972,0.329,37.545,36.67,19.88763518,79.03333333,77.6,NA,72.23333333,38.001,37,32.19,25.93333333,NA,NA,60.49549218,84.65622573,6.3,106.9700754,106.567,63.97183955,63.90351938,100.0816151,99.86233333,90.89233333,49.639,67.622,166.5398038,166.7623333,78.18259633,11.98666667,13.35333333,15.04666667,2722.1,2233.2,1573.6,1333.8,562.2,13.3,154.3,15.8,316.2,62.6,237.4,197.2,1702.3,554.562,404.492,140.171,9.899,568.781,261.064,307.717,-35.8,268.5,304.3,-10.7,4534.3,972.248,587.597,467.175,16.25,1864.003,715.776,1152.897,-11.2,383.1,394.3
1980q2,2797.4,2833.2,2875.04032,7190.3,7293.2,7389.862876,4828.3,106.6469985,69.29274127,63.77639217,6.214445921,-2.700494981,4997.176495,68.01354693,28.58234767,66.43999286,34.97810208,0.329,38.464,37.49,20.43468422,81.7,80.2,NA,74.16666667,38.903,37.9,34.11666667,27.91333333,NA,NA,60.760034,84.49595122,7.333333333,107.2935421,106.7666667,63.83315602,63.77340233,99.14906551,98.95333333,90.45666667,49.122,66.401,167.2480407,167.4156667,78.60314543,10.47666667,9.616666667,12.68666667,2741.7,2270.8,1599.2,1353.9,569.9,3.1,157.2,17.1,327.6,64.9,206.8,169.9,1704.7,519.294,394.68,116.864,7.75,588.547,276.514,312.033,-15.2,277.4,292.6,9.8,4432.2,889.579,560.428,380.553,13.872,1867.666,729.918,1137.617,24.6,390.3,365.6
1980q3,2856.5,2890.9,2953.969904,7181.7,7279.2,7426.755,4825.4,107.2187834,69.26729408,63.86045703,6.205682148,-3.299624126,5020.666692,68.38297959,28.89152043,66.27088019,34.95266923,0.329,39.364,38.325,21.02054492,83.23333333,81.4,NA,75.7,39.77,38.7,34.47,28.79666667,NA,NA,62.35862769,83.04549814,7.666666667,107.7043386,107.1206667,63.81940954,63.72032709,99.18837526,98.899,90.05066667,49.316,66.098,167.9321434,168.1106667,79.06381181,10.95333333,9.153333333,9.836666667,2823.8,2349.2,1628.6,1377.3,591,11.7,161.7,19.9,333,64.7,214.1,179.2,1763.8,495.071,405.717,123.21,-33.855,592.169,276.086,316.083,5.5,284.7,279.2,28.2,4480.8,830.866,564.1,392.239,-59.914,1842.245,721.512,1119.993,50.1,389.5,339.3
1980q4,2985.6,3014.1,3046.652295,7315.7,7396.6,7465.298163,4939.9,107.7669694,69.27260001,63.94167852,6.19690943,-2.003914103,5045.43696,68.7411602,29.20285897,66.13029951,34.942092,0.329,40.338,39.259,21.64367074,85.56666667,83.93333333,NA,77.33333333,40.825,39.5,35.11666667,30.24666667,NA,NA,63.09286315,84.53335943,7.4,108.1155574,107.4416667,63.88192279,63.69039739,99.76131007,99.49866667,90.72666667,49.817,66.987,168.5791089,168.6936667,79.19993071,12.42333333,13.61333333,15.85333333,2964.7,2444.6,1687.6,1428.7,630.1,18.7,166.3,23.2,357.3,64.6,234.3,204.4,1831.9,551.472,422.755,137.835,-9.118,608.893,285.815,323.079,-6.7,292.5,299.2,6.7,4541.4,908.306,575.889,428.828,-16.997,1841.838,725.158,1114.495,29.6,387.1,357.5
1981q1,3124.2,3155.6,3144.758906,7459,7545,7508.084207,5044.9,108.2912365,69.33233425,64.01979493,6.188120345,-0.653751414,5073.384435,69.08663493,29.51632985,66.04000573,34.95994244,0.329,41.384,40.129,22.30386802,87.93333333,85.9,NA,79.23333333,41.907,40.5,38.72,36.54,NA,NA,62.6393806,86.84307896,7.433333333,108.826372,108.2736667,64.18348492,63.96166486,100.504736,100.239,91.116,50.584,67.373,169.1570979,169.279,79.55692213,12.96,14.39,16.57,3064.9,2508,1739.6,1467.7,651.7,17.6,170.6,24,373.4,66.1,243.1,213,1885.7,619.381,443.025,137.601,38.755,633.35,297.218,336.132,-14.3,305.5,319.7,1.7,4556.6,992.376,587.597,418.342,69.238,1866.472,739.388,1123.232,21.6,394.4,372.8
1981q2,3162.5,3192.5,3226.704711,7403.7,7485.1,7554.009066,4983.5,108.7916271,69.43557392,64.09335563,6.179306102,-1.98979197,5104.330206,69.41869149,29.82905226,65.99715961,35.00493817,0.329,42.078,40.888,22.80145456,89.76666667,87.8,NA,81.46666667,42.694,41.4,37.76,35.90666667,NA,NA,63.89417792,91.39139381,7.4,109.3193723,108.8476667,64.19766892,64.08936394,100.9510922,100.8006667,91.35633333,49.93,67.425,169.7275311,169.8373333,79.98048683,13.75,14.90666667,17.78,3127.1,2558.1,1774.8,1496.7,667,18.2,158.2,23.3,398.4,68.9,239.3,211.8,1917.5,609.843,462.864,135.265,11.713,648.673,311.91,336.763,-13.5,308.5,322,0.2,4556.9,951.246,599.546,405.016,17.351,1870.062,758.341,1101.751,23.2,396.5,373.3
1981q3,3260.6,3293.3,3308.607341,7492.4,7578.4,7602.714114,5027.3,109.2743236,69.57457036,64.16401681,6.17045678,-1.45098333,5138.154925,69.74126041,30.14054117,65.99892193,35.07392583,0.329,42.772,41.641,23.54702153,92.26666667,90.76666667,NA,84.26666667,43.524,42.1,35.94666667,34.42333333,NA,NA,63.55635067,95.52913775,7.4,109.0951464,108.525,63.78891187,63.68364636,100.6980332,100.482,91.54766667,50.397,67.387,170.2900952,170.4126667,80.18736541,14.84666667,15.05333333,17.57666667,3231.8,2657,1815.1,1530.6,711.8,23.3,158.9,23.1,435.2,71.3,256.1,228.6,1958.1,652.297,482.109,126.228,43.96,657.774,317.448,340.326,-7.6,302.3,309.9,7.1,4578,1004.861,613.463,373.58,71.443,1863.621,755.239,1098.597,19,388.1,369.1
1981q4,3280.8,3318.4,3388.627215,7410.8,7506.3,7654.364352,4952.2,109.7460383,69.74615639,64.23442866,6.161561483,-3.182032375,5174.83795,70.05761514,30.44403326,66.04245345,35.16481861,0.329,43.427,42.381,24.29655735,93.76666667,92.53333333,NA,86.73333333,44.243,43,35.86333333,34.24333333,NA,NA,62.76703126,93.86150439,8.233333333,109.577702,109.0573333,64.01889902,63.77982381,100.2693157,100.0766667,91.14866667,49.862,67.093,170.852898,170.9903333,80.43831538,14.08666667,11.75,13.58666667,3253.5,2689.7,1840.7,1550.6,719,17,154.9,24.7,449.8,72.6,245,211.4,1974.4,643.395,503.755,114.834,24.807,677.727,329.343,348.384,-14.8,304.7,319.4,4.6,4546.7,969.475,627.753,334.576,36.32,1887.304,768.786,1107.185,10.2,389.8,379.6
1982q1,3274.3,3310.3,3459.51381,7295.6,7386.4,7708.282365,4844.5,110.2088045,69.94252773,64.30499618,6.152608442,-5.353752571,5213.87178,70.36846218,30.7257703,66.12491495,35.27355754,0.329,43.979,43.002,24.93817933,94.6,93.66666667,NA,88.86666667,44.877,43.8,35.03,33.05333333,NA,NA,63.14404133,99.06118889,8.833333333,109.9723092,109.3743333,64.02181681,63.7762371,99.96020016,99.70866667,90.52066667,49.612,65.964,171.3820188,171.497,80.84486461,14.29333333,12.81333333,14.22666667,3272.1,2724.7,1864.7,1567.5,729.7,14.4,150.8,23.5,468.7,72.3,219.8,188.2,2014.2,588.318,500.083,109.701,-21.466,688.104,334.857,353.247,-16.3,293.2,309.5,0.7,4580.2,877.772,614.634,315.275,-34.131,1885.192,769.305,1104.074,4.1,372.9,368.8
1982q2,3332,3372.9,3529.644986,7328.9,7429.8,7763.629993,4868.2,110.6583525,70.15855395,64.37250297,6.143585085,-5.599571245,5254.180621,70.6710816,30.99174962,66.24346718,35.39404808,0.329,44.402,43.584,25.45069051,95.96666667,95.4,NA,91.33333333,45.473,44.3,33.13,31.19666667,NA,NA,63.61023065,104.3891216,9.433333333,110.5158689,110.1173333,64.15815135,64.01426191,99.86583136,99.745,90.04066667,49.626,66.268,171.9046255,172.02,80.84930001,13.93,12.42,14.51333333,3326.7,2769.5,1884.4,1581.7,747.7,12.8,156.6,21.1,485.8,71.4,234.1,200.5,2039.6,593.621,490.069,107.717,-4.166,703.093,342.92,360.173,-4.4,294.7,299.1,17.4,4594.1,877.104,595.474,305.083,-6.705,1892.356,772.483,1107.931,12.4,375.1,362.8
1982q3,3366.3,3401.3,3605.73429,7300.9,7387.6,7820.189965,4843,111.0966196,70.39089031,64.43710245,6.134478085,-6.640375331,5295.989883,70.96671663,31.24387375,66.39527092,35.52707155,0.329,45.103,44.282,26.13174766,97.63333333,97,NA,93.86666667,46.104,45.1,33.14,31.53,NA,NA,63.82273846,110.4327804,9.9,110.9314476,110.5256667,64.16255669,64.06480345,99.72088242,99.54333333,89.35566667,49.724,65.795,172.4018534,172.5216667,80.91850342,13.11666667,9.316666667,11.00666667,3360.8,2810.5,1904.8,1596.4,754,11.9,158.8,24.4,486.2,72.7,231.5,200.4,2085.7,592.954,478.723,108.433,5.798,717.344,351.509,365.835,-29.6,279.6,309.3,-14,4624.9,869.067,578.363,304.789,7.453,1907.531,785.194,1107.952,-21.1,358.5,379.6
1982q4,3402.6,3436.7,3670.175586,7303.8,7387.6,7878.160361,4840,111.5274999,70.63872469,64.50037646,6.125273394,-7.290539099,5338.877862,71.25786245,31.48918988,66.57163408,35.6684446,0.329,45.601,44.899,26.72476599,97.93333333,97.33333333,NA,96.4,46.571,45.6,33.07333333,31.78,NA,NA,65.35682075,112.8476354,10.66666667,111.3041266,110.959,64.22112421,64.12110075,99.31448344,99.11966667,88.82133333,50.161,65.182,172.9014274,173.046,81.21897251,10.66666667,7.906666667,9.286666667,3380.9,2853.1,1918.1,1604.4,768.3,14.2,165.3,26.3,486.3,76.2,225.5,191.5,2145.6,549.242,471.521,117.54,-39.82,737.351,364.058,373.293,-29.6,265.3,294.9,-17.3,4706,801.889,568.384,328.927,-65.093,1936.943,803.716,1116.349,-22.6,342.1,364.7
1983q1,3473.4,3507.5,3724.907189,7400.1,7483.1,7935.937608,4935.7,111.952501,70.88664871,64.56275667,6.115956273,-6.752039066,5381.377336,71.54549202,31.74279851,66.7484657,35.80784187,0.329,45.978,45.489,27.36764637,98,97.93333333,NA,98.56666667,46.943,46.1,30.19666667,29.62,NA,NA,66.82261848,113.7959065,10.36666667,111.4187099,110.6386667,64.07484837,63.7668463,99.46040866,99.143,88.999,50.843,65.578,173.4043087,173.505,81.30131644,10.56333333,8.106666667,8.653333333,3442.8,2893.1,1947.2,1622.4,784.2,12.9,170.4,25.8,495.8,79.3,242.4,209.5,2184.6,565.52,462.106,138.473,-35.06,747.852,370.501,377.351,-24.5,270.7,295.3,-7.9,4752.5,829.672,559.895,385.483,-60.654,1955.554,816.377,1120.376,-25.4,347.6,373
1983q2,3578.8,3615.6,3780.406237,7568.5,7656.6,7994.859898,5102.5,112.3663645,71.14993828,64.6211605,6.106511305,-5.332925198,5424.16631,71.82625496,32.01806992,66.92576704,35.9514781,0.329,46.398,45.837,27.81713004,99.13333333,98.9,NA,99.9,47.291,46.7,28.57,28.60666667,NA,NA,67.34431869,116.838986,10.13333333,111.7060621,111.1676667,64.05443133,63.90513383,100.1787322,99.945,89.67633333,51.956,66.343,173.8878341,173.9573333,81.47031272,10.54333333,8.396666667,8.803333333,3526.6,2943.4,1986.3,1654.7,793.2,7.9,174.8,24.7,504.7,81.1,272.6,238.3,2249.4,613.783,466.455,155,-7.672,761.061,380.323,380.739,-45.4,272.5,317.9,-27.6,4849.3,903.148,567.666,430.369,-9.54,1971.659,831.608,1118.16,-53.1,348.6,401.7
1983q3,3689.2,3727,3849.614783,7719.7,7809.6,8055.370064,5216.9,112.7709709,71.43123803,64.67617335,6.09692241,-4.167034683,5468.054363,72.10136266,32.32201759,67.10353934,36.1040837,0.329,47.008,46.533,28.39616143,100.1,100.1333333,NA,101.3333333,47.794,47.3,29.26666667,28.86666667,NA,NA,69.52030175,120.4720674,9.366666667,112.4496033,112.095,64.42486602,64.25647944,101.7687631,101.6106667,90.60433333,52.08,67.669,174.371239,174.4493333,81.83540291,11.62666667,9.14,9.46,3613.6,3002.2,2029.6,1691.4,817.7,0.2,183.6,23.7,527,83.2,289.4,254.4,2319.9,652.269,485.371,171.101,-4.204,782.216,394.447,387.769,-65.2,278.2,343.4,-47.9,4936.2,959.692,591.563,472.391,-3.299,2005.68,853.067,1127.92,-79.1,353.9,433
1983q4,3794.7,3834.4,3909.117645,7880.8,7973.9,8118.421571,5345.4,113.1691181,71.73707554,64.72915809,6.08717285,-2.926942989,5513.522428,72.37261501,32.66533253,67.28178384,36.26785384,0.329,47.318,46.905,28.96529286,101.1,101.4333333,NA,102.8333333,48.151,47.9,29.35333333,28.94,NA,NA,70.5004033,121.8020379,8.533333333,112.5478071,112.1603333,64.2740025,64.10981402,102.7496499,102.588,91.875,52.38,68.939,174.8412698,174.9503333,82.46247936,11.68666667,8.8,9.43,3725.7,3088.1,2086.8,1741.5,848.6,3.8,191.5,23.5,545.5,84.3,307.2,269.2,2372.5,718.496,514.687,179.877,23.932,775.099,384.159,390.94,-71.4,286.6,358,-56.8,5014.9,1053.054,627.328,492.334,34.462,1973.58,825.493,1128.581,-93.3,361,454.3
1984q1,3908.1,3945.1,3980.728946,8034.8,8121.8,8184.120399,5474.1,113.5628532,72.06687899,64.78060732,6.077245221,-1.824513714,5561.230261,72.64133398,33.04445884,67.46050181,36.4463501,0.329,47.83,47.379,29.5130517,102.5333333,102.8333333,NA,104.7333333,48.626,48.4,28.88666667,28.76333333,NA,NA,70.08300724,123.4450405,7.866666667,112.7716723,112.5123333,64.31334908,64.04439165,103.6603558,103.664,93.08633333,52.633,70.258,175.3027479,175.6786667,82.80176792,11.94333333,9.17,9.686666667,3866.1,3176.2,2143.8,1784,888,19.5,202.4,23.2,558.1,84.8,335.7,301.1,2418.2,790.872,531.465,186.425,72.982,794.021,392.404,401.617,-95,293,388,-78.5,5056.5,1154.826,647.286,507.084,109.746,1994.498,832.494,1142.902,-122.2,368.5,490.8
1984q2,4009.6,4047.1,4048.18715,8173.7,8261.2,8252.361161,5576.2,113.9502588,72.42073204,64.82855549,6.067121449,-0.95319581,5610.903441,72.90630683,33.44753968,67.6396945,36.63824583,0.329,48.293,47.934,30.00356977,103.5,104.1,NA,106.2333333,49.063,48.9,29.18666667,28.79,NA,NA,70.46610536,125.7453368,7.433333333,113.7655918,113.5213333,64.59203076,64.4548579,104.9734975,105.04,94.123,52.926,71.173,175.7649091,176.1253333,83.30425377,13.2,9.796666667,10.55666667,3962.8,3258.7,2195.2,1828.1,920.7,21.3,210.5,21.7,581.4,85.8,337.7,301.2,2475.9,818.894,558.274,191.299,69.321,819.132,408.298,410.833,-104.3,302.2,406.5,-87.9,5127.3,1192.381,677.463,515.945,103.174,2037.823,857.714,1158.139,-133.6,377.7,511.3
1984q3,4084.3,4121.6,4118.87109,8252.5,8339.3,8322.352341,5624,114.3343336,72.78961689,64.87358809,6.056782757,-0.8393341,5661.965244,73.16946647,33.86818316,67.81936318,36.83869925,0.329,48.666,48.384,30.43251583,104.4,105.4,NA,107.6666667,49.506,49.2,28.87333333,28.69333333,NA,NA,70.66914448,131.9701125,7.433333333,114.1495071,113.837,64.57598685,64.46206582,105.4187095,105.3626667,95.055,53.149,71.482,176.2362941,176.5953333,83.81641229,12.86666667,10.32,11.39,4040.4,3332.6,2241.6,1867.1,950.4,20.4,211.9,24.4,608.2,85.5,333.1,295.3,2513.5,838.852,576.642,190.872,71.338,835.72,413.986,421.734,-103.8,305.7,409.6,-90.4,5165.4,1218.184,698.246,509.909,107.716,2054.317,856.929,1177.916,-138.5,386,524.6
1984q4,4148.6,4181.8,4185.318604,8320.2,8398.5,8393.840778,5667,114.7192378,73.16855429,64.91752493,6.046209634,-0.877319215,5714.189379,73.43349191,34.29587096,67.9995091,37.04481462,0.329,48.966,48.728,30.91575873,105.3,106.4666667,NA,109.2666667,49.852,49.8,28.51666667,28.27666667,NA,NA,71.35649901,135.6443942,7.3,114.6360562,114.2566667,64.67235981,64.50356325,106.0403794,105.9443333,95.906,53.208,71.947,176.7254965,177.1323333,84.05508408,11.74333333,8.803333333,9.266666667,4115.4,3387.2,2282.9,1900.5,959.4,22.5,204.4,29.3,616,87.2,342.5,305.2,2561.8,831.741,590.903,192.86,47.979,862.769,432.53,430.24,-107.8,308.6,416.4,-103.4,5232.3,1202.383,714.665,510.412,67.827,2097.444,884.389,1189.85,-146.1,393.9,539.9
1985q1,4230.2,4255.9,4263.078786,8400.8,8463.9,8466.094338,5730.4,115.1075079,73.5494538,64.96137731,6.03538178,-0.771245101,5767.07396,73.70002601,34.72406532,68.18013353,37.25245136,0.329,49.544,49.393,31.38537867,106.2666667,107.6333333,NA,110.8,50.363,50.4,27.22666667,26.75666667,NA,NA,72.51161843,142.5060327,7.233333333,115.1351558,114.9763333,64.8799562,64.76724994,106.5772767,106.6153333,96.57233333,53.378,72.522,177.1894457,177.5223333,84.22782578,11.58333333,8.183333333,8.476666667,4191,3451.5,2323.5,1932.1,982.2,22.8,217.8,26.9,624.2,90.5,347,311.4,2636,809.865,599.417,194.219,16.23,875.592,434.778,440.814,-91.3,306,397.3,-89.4,5321.2,1169.416,722.675,511.627,20.964,2120.284,892.479,1204.874,-133.1,394.9,528
1985q2,4294.9,4322.6,4327.362815,8474.8,8540.7,8538.856408,5787.7,115.4976643,73.93098777,65.00352787,6.024278238,-0.750175487,5820.210538,73.96814179,35.14542018,68.36123775,37.45941258,0.329,49.945,49.821,31.8725928,107.2333333,108.7666667,NA,112.6333333,50.66,51,27.48,26.97,NA,NA,73.34049458,141.1130439,7.3,115.2730481,115.1766667,64.76662569,64.72550713,106.6790819,106.791,97.26966667,53.546,73.017,177.6603443,177.9463333,84.84630723,10.81333333,7.46,7.923333333,4248.3,3493,2363.6,1963.6,984.9,20.4,218,25.3,628.4,92.8,350.3,310.3,2681.8,827.04,609.088,196.306,21.646,900.527,447.306,453.221,-114.4,304.1,418.6,-111.4,5370,1189.334,733.027,515.953,30.728,2167.338,915.99,1226.696,-159.9,394.1,554
1985q3,4386.8,4409.3,4390.721935,8604.2,8659.9,8611.892421,5877.9,115.8937745,74.30849896,65.04541542,6.01287808,-0.089323234,5873.338404,74.24046514,35.55391143,68.54282303,37.66268833,0.329,50.337,50.333,32.28900175,107.9,109.7333333,NA,114.5666667,50.997,51.6,26.58,26.51333333,NA,NA,74.32950146,138.7751958,7.2,115.7276626,115.5053333,64.75938875,64.74030342,107.180019,107.1863333,97.84433333,54.228,73.222,178.1582456,178.4133333,85.3090984,10.33666667,7.106666667,7.9,4325.8,3541.7,2406.4,1997.4,990.6,19.3,221.5,27.1,627.8,94.9,367.3,331.5,2754.1,822.157,604.432,201.422,16.303,927.363,463.111,464.252,-116.9,297.3,414.2,-121.3,5472,1181.226,724.697,525.565,25.833,2216.743,943.261,1246.217,-160.3,388.3,548.6
1985q4,4444.1,4469.7,4452.711176,8668.2,8729.5,8684.996065,5931,116.2997313,74.67769677,65.08926832,6.001162237,-0.19339174,5926.270887,74.51951142,35.94387611,68.72489065,37.85981405,0.329,50.688,50.694,32.69400061,109,111,NA,116.4666667,51.262,51.9,26.70666667,26.74666667,NA,NA,75.59444119,134.7633908,7.033333333,116.3848029,116.2113333,65.00807493,64.94405967,107.9542081,108.0233333,98.42833333,54.445,73.589,178.6742999,178.9406667,85.61328112,9.76,7.166666667,8.103333333,4374.4,3605.4,2455.7,2037,1008.6,21.4,223,25.6,641.6,97,347.8,306.6,2779.4,859.545,618.067,208.359,33.119,938.584,466.441,472.143,-133.4,305.4,438.9,-135.2,5483.9,1224.763,737.817,537.026,47.518,2225.878,943.805,1255.722,-170.2,399.9,570.1
1986q1,4507.9,4530.1,4512.44868,8749.1,8804,8757.928247,5992.6,116.7155571,75.03651157,65.13571165,5.989116415,-0.100802917,5978.713199,74.80531447,36.32014106,68.90744189,38.04891211,0.329,51.047,51.241,33.21087014,109.5666667,112.2,NA,118.8333333,51.515,52.5,19.08666667,20.06333333,17,NA,77.13601311,132.2042212,7.033333333,116.8174466,116.928,65.13436701,65.02309649,108.4096875,108.7346667,98.83766667,55.09,73.483,179.1798825,179.8253333,85.93362246,8.556666667,6.896666667,7.826666667,4439.6,3668.7,2491.1,2063.5,1031.1,18.3,227.4,22,661.7,101.7,338.5,296.7,2823.6,863.457,613.525,219.534,30.397,946.803,463.966,482.837,-126,313.4,439.4,-128.3,5531.8,1224.404,730.499,558.834,42.151,2243.464,941.147,1278.823,-157.1,412.5,569.5
1986q2,4545.3,4560.8,4567.082295,8788.5,8830,8830.616845,6023.3,117.1359866,75.38773612,65.18248405,5.976734425,-0.476941148,6030.761563,75.0945121,36.68246235,69.09047803,38.23234483,0.329,50.993,51.592,33.71882672,109.0333333,113.1333333,NA,121.1333333,51.695,52.8,12.85666667,12.97666667,13.88333333,NA,78.7420182,129.9389404,7.166666667,117.51806,117.6426667,65.24429266,65.24081174,108.9109167,109.2056667,99.17466667,55.522,73.284,179.6958008,180.3206667,86.04617971,7.603333333,6.14,6.92,4468.8,3709.1,2517.2,2081.8,1043.3,19.6,232,21.1,666,104.6,324.8,286.4,2851.5,855.237,605.016,234.559,15.663,967.519,477.801,489.718,-128.9,315.1,444,-141.9,5592.1,1203.028,715.676,590.935,20.508,2290.227,971.62,1291.332,-176.9,416.9,593.8
1986q3,4607.7,4625.8,4623.68364,8872.6,8918.3,8903.378142,6079.4,117.5600307,75.73473817,65.22991209,5.964017523,-0.345690611,6082.376863,75.38647492,37.03720829,69.27400036,38.41022629,0.329,51.263,51.947,34.18152082,109.7,114.2,NA,123.2333333,51.941,53.1,11.87666667,12.10666667,13.85333333,NA,80.64268047,129.0571527,6.966666667,118.0942326,118.2246667,65.40013506,65.37685228,109.6676674,109.97,99.665,55.759,73.655,180.2149466,180.8356667,86.23712466,7.306666667,5.523333333,6.206666667,4515.2,3754.9,2555.2,2111.5,1049.1,26.6,237.8,16.6,663.8,104.3,315,275.6,2917.2,835.832,601.964,240.887,-7.019,993.597,495.057,498.54,-139,320.5,459.4,-150.2,5691,1170.667,707.453,599.015,-11.777,2340.115,1005.285,1303.288,-183.8,426.4,610.2
1986q4,4657.6,4669.6,4686.800591,8920.2,8953.5,8976.124749,6112.1,117.9872931,76.07704619,65.27904385,5.950973311,-0.6230389,6133.899082,75.68094809,37.38075185,69.45801018,38.58486978,0.329,51.573,52.37,34.7247436,110.4666667,115.3,NA,125.4666667,52.25,53.5,13.47,13.39666667,15.41,NA,81.64552583,130.9093525,6.833333333,118.3930241,118.587,65.46913107,65.38570399,110.114406,110.492,100.3126667,55.639,74.209,180.7306058,181.3653333,86.66186152,7.263333333,5.353333333,6.266666667,4575.5,3792,2604.7,2152.5,1040.6,26.6,237.6,13.4,661.1,101.9,315.9,277.7,2952.8,842.063,610.553,244.268,-12.759,996.385,489.807,506.577,-133.6,335,468.6,-150.3,5725.8,1174.171,714.292,600.64,-9.977,2330.449,993.523,1307.678,-172.6,442.4,615
1987q1,4722.2,4736.5,4754.921432,8986.4,9023,9048.669255,6159,118.415142,76.41479886,65.33009484,5.937614327,-0.688159254,6185.043046,75.97623803,37.72043,69.64250877,38.75537266,0.329,52.061,52.701,35.23178668,111.8,116.2333333,NA,127.2333333,52.554,54,16.89666667,16.67666667,18.23333333,NA,83.52882243,127.083232,6.6,119.0101541,119.079,65.5067074,65.42754266,110.9280451,111.206,100.9203333,55.376,75.133,181.2669281,182.0013333,87.10197274,7.193333333,5.536666667,6.22,4652.5,3843,2647.8,2192.7,1048.1,27.3,248.2,14.5,658.8,99.3,329.7,288.4,2983.5,871.196,596.551,246.672,27.973,1008.681,492.136,516.544,-141.2,336.5,477.7,-150.9,5731.2,1205.858,697.421,599.611,45.442,2344.118,999.967,1314.604,-168.6,442.8,611.3
1987q2,4806.2,4824.3,4825.869405,9083.3,9126.5,9120.473465,6236,118.8337148,76.74988099,65.37970636,5.923956554,-0.407582623,6235.863724,76.26600596,38.05451547,69.82749744,38.92535563,0.329,52.564,53.213,35.83073373,113.0666667,117.6333333,NA,129.2666667,52.911,54.3,18.28333333,17.92,19.39666667,NA,85.06598398,125.411097,6.266666667,119.5384202,119.6626667,65.55969728,65.55900508,111.8485794,112.158,101.709,55.749,75.564,181.7871643,182.5266667,87.2808109,8.343333333,5.656666667,6.65,4759.4,3901.3,2692,2229.9,1061.2,29,253.3,14.1,666.3,98.5,368.2,319.7,3053.3,874.588,608.371,249.693,16.524,1025.219,501.195,524.024,-147,355.4,502.3,-154.4,5809.4,1206.486,711.472,601.669,25.481,2362.291,1013.578,1317.523,-165.6,461,626.6
1987q3,4884.6,4902.3,4900.330705,9162,9204.2,9191.50594,6280.9,119.2409988,77.08343632,65.42846736,5.910018036,-0.321013121,6286.193021,76.54894342,38.39198127,70.01297749,39.09448423,0.329,53.062,53.69,36.41016204,114.2666667,118.7333333,NA,131.2333333,53.32,54.9,19.05,19.02,20.39333333,NA,86.46178796,127.5233825,6,119.9589143,120.077,65.63029882,65.61011059,112.5445361,112.8666667,102.438,55.761,76.09,182.2557519,183.016,87.590085,8.876666667,6.043333333,6.843333333,4865.2,3972.1,2740.3,2270.8,1087.5,28.8,260.7,17.5,678.4,102.1,391.9,344.2,3117.4,876.466,625.48,249.969,1.017,1036.195,504.113,532.082,-145.5,371.9,517.3,-154.1,5875.6,1206.662,731.244,596.701,-2.196,2364.769,1012.185,1321.999,-157.8,481,638.9
1987q4,5008,5027.7,4977.505909,9319.3,9364.8,9262.554077,6409.2,119.6387644,77.42101086,65.47799943,5.895817686,0.612637963,6336.57718,76.82616858,38.73226929,70.19895022,39.26562643,0.329,53.52,54.236,36.9520919,115.3333333,120.1,NA,132.9666667,53.72,55.3,17.95666667,17.84666667,18.66333333,NA,87.54136328,124.1893133,5.833333333,120.6095443,120.5926667,65.82895027,65.72989511,113.3398633,113.5266667,103.3903333,56.319,76.876,182.7238815,183.467,88.20209441,9.123333333,5.863333333,6.916666667,4969.4,4070.8,2809.6,2331.7,1120.9,30.4,268.2,20.3,693.9,108.1,393.4,338.9,3150.9,946.459,630.552,252.825,63.082,1056.024,513.695,542.329,-145.4,392.1,537.5,-157,5888.1,1288.881,730.339,597.676,95.725,2400.223,1029.251,1339.473,-154.6,499,653.5
1988q1,5073.4,5098.4,5054.659785,9367.5,9422.6,9332.898162,6439.3,120.0264359,77.75702154,65.52838108,5.881374337,0.370751261,6386.961047,77.09729394,39.07575369,70.38541695,39.43865622,0.329,53.943,54.758,37.64991118,116.2333333,121.2666667,NA,135.1333333,54.135,55.8,15.20333333,15.35,16.71,NA,88.87615519,123.1472491,5.7,120.9878441,121.0126667,65.78929352,65.77943186,113.9124264,114.0933333,104.152,56.533,76.947,183.1829255,183.9673333,88.32067796,8.416666667,5.723333333,6.663333333,5068.2,4153.2,2857.6,2366.2,1156.9,33.3,285.9,21.1,700,116.6,396.8,344.1,3231.9,908.569,641.498,250.115,16.956,1056.893,505.781,551.112,-124,418.7,542.7,-126.9,5992.1,1227.008,736.167,587.035,21.045,2380.198,999.752,1354.221,-123.8,526.7,650.5
1988q2,5190,5212.9,5142.060403,9490.6,9541.3,9402.936119,6547.7,120.3976307,78.09901298,65.57622264,5.866706043,0.932303267,6437.131327,77.35820059,39.42227369,70.57237898,39.61439126,0.329,54.539,55.422,38.44459148,117.5666667,122.7333333,NA,137.5333333,54.676,56.4,15.68333333,15.86666667,17.27,NA,90.02966406,121.8801379,5.466666667,121.3169856,121.265,65.74104072,65.76573482,114.4202066,114.623,105.0066667,56.686,78.029,183.6246342,184.3893333,88.84689671,8.91,6.21,7.156666667,5176.4,4231.4,2923.1,2421.5,1173.1,27.4,295.1,20.3,706.1,124.2,410,352.3,3291.7,934.525,659.366,255.51,19.648,1070.421,506.939,563.482,-106.6,439.5,546.1,-110,6036.4,1256.243,752.639,594.302,29.197,2387.303,992.282,1371.269,-101.5,541.4,643
1988q3,5282.8,5303,5241.944604,9546.2,9591.6,9472.372905,6579.1,120.7537414,78.44372186,65.6218436,5.851829624,0.779393887,6487.121533,77.60976292,39.77370772,70.75983763,39.79263093,0.329,55.211,56.061,39.19989923,119,124.1,NA,139.8,55.345,56.9,14.32333333,14.32,15.18666667,NA,91.21776884,126.3888235,5.466666667,121.9249043,121.9166667,65.9806614,65.95782666,115.0100662,115.2326667,105.7456667,56.806,78.239,184.0368772,184.8403333,89.16272592,9.1,7.01,7.983333333,5285.5,4324.8,2975.8,2462.9,1213.8,28.8,304.8,21.2,726.7,132.3,416.4,359.3,3361.9,942.009,666.332,257.495,18.181,1078.19,507.399,570.792,-99.3,453.6,552.8,-106.5,6090,1263.222,757.349,594.65,24.293,2387.578,987.535,1377.471,-106,552.1,658.1
1988q4,5399.5,5422.2,5326.009917,9673.4,9722.8,9541.739853,6660.4,121.0999826,78.79224791,65.66666442,5.836760432,1.379833755,6537.21477,77.85531424,40.12604623,70.94779421,39.97343482,0.329,55.769,56.687,39.95903735,120.3,125.6,NA,142.0333333,55.854,57.5,13.27333333,13.19,14.76333333,NA,92.31487301,122.1576935,5.333333333,122.3664687,122.4883333,66.24028056,66.11936807,115.6205745,115.9473333,106.597,56.869,79.117,184.4202995,185.2533333,89.36778754,8.956666667,7.726666667,8.47,5404.3,4410.7,3035.4,2508.6,1240.5,17.7,309.2,27.4,747.4,138.8,441.7,381.4,3434.5,962.748,681.924,261.681,19.144,1109.916,525.639,584.277,-107.7,466.6,574.3,-119.6,6159.2,1282.499,767.887,598.496,33.371,2433.9,1014.882,1394.051,-109.2,569,678.2
1989q1,5511.3,5533.6,5420.606859,9771.7,9820,9610.898344,6738.8,121.4395578,79.14141421,65.71025597,5.821512312,1.673117857,6587.306032,78.09689956,40.48162895,71.13625006,40.15512886,0.329,56.41,57.306,40.81005723,121.6666667,126.9333333,NA,144.8333333,56.392,58.2,16.80666667,16.52333333,18.48,NA,93.6683726,123.489846,5.2,122.9476896,123.2506667,66.35792007,66.34488748,116.3859651,116.8353333,107.403,56.967,79.91,184.828038,185.7726667,90.07677173,9.206666667,8.54,9.443333333,5493.9,4533.8,3079.1,2540.8,1301.3,36.7,311.4,23.1,782.5,147.6,427.2,363.2,3490.2,1005.487,696.466,260.884,48.137,1116.559,519.856,596.703,-101,485.2,586.2,-106.7,6187.8,1326.029,780.181,592.708,65.96,2423.185,996.321,1405.26,-95.4,585.9,681.4
1989q2,5612.5,5634.1,5517.566069,9846.3,9892.6,9679.752478,6784.5,121.768654,79.49297429,65.74823556,5.806097722,1.72057625,6637.394423,78.33231647,40.8366923,71.3252065,40.33886111,0.329,57.17,57.827,41.65708451,123.6333333,128.3,NA,147.5666667,57.002,58.7,18.97,18.89333333,20.41333333,NA,95.1226745,127.414828,5.233333333,123.4660435,123.678,66.43572536,66.42997561,116.7481292,117.2046667,107.9103333,57.132,80.219,185.2227988,186.178,90.34595757,8.773333333,8.41,9.726666667,5542.5,4588,3114.6,2563.5,1317.3,32.6,306.9,21.2,801.5,155.1,420.4,356.4,3553.8,1001.047,708.998,255.792,36.257,1145.809,534.328,611.481,-88.2,507.2,595.4,-93.6,6216.7,1313.202,790.746,574.127,50.515,2460.441,1016.603,1420.774,-73,611.6,684.6
1989q3,5695.4,5719.7,5597.372776,9919.2,9969.7,9748.474214,6831.6,122.0931189,79.84458339,65.7808965,5.790527979,1.751307762,6687.504992,78.5656254,41.18898376,71.51466485,40.52271392,0.329,57.507,58.258,42.51875854,124.6,129.5333333,NA,150.6666667,57.425,59.3,17.61333333,17.69,19.31666667,NA,96.8786075,128.2191775,5.233333333,123.8901414,124.0256667,66.50750765,66.46522819,117.111946,117.4936667,108.186,57.398,80.403,185.6015051,186.6023333,90.59389628,8.106666667,7.843333333,9.083333333,5606.2,4643.3,3155,2592.3,1327.6,30.3,306.9,20,810,160.4,421.6,355,3609.4,996.46,731.137,255.498,9.826,1164.58,541.409,623.172,-75.1,509.4,584.4,-81.7,6276.9,1301.412,810.837,571.472,13.959,2482.562,1024.972,1434.477,-65.8,617.8,683.7
1989q4,5747.2,5778,5676.816343,9938.8,9999.9,9817.083496,6832.7,122.4234823,80.18954622,65.8103264,5.774813583,1.239843825,6737.726974,78.80516421,41.5328749,71.70177763,40.70293314,0.329,57.959,58.791,43.38172514,125.8666667,131.1,NA,153.9333333,57.817,60,18.88666667,18.72333333,20.35333333,NA,98.04918458,126.8851787,5.366666667,124.3673941,124.4483333,66.66812563,66.54362422,117.4832642,117.7743333,108.688,57.404,80.407,185.9852024,187.0176667,90.64972227,7.906666667,7.653333333,8.613333333,5652.4,4718.9,3209.7,2635.7,1343.3,32.5,307.2,21.8,815,166.8,405.7,331.8,3653.7,995.809,727.373,251.884,16.553,1180.5,540.824,639.677,-82.8,515.4,598.2,-87.5,6304.2,1291.758,802.668,559.33,20.258,2495.007,1020.212,1453.678,-68.8,627.2,696
1990q1,5872.7,5902.2,5778.044527,10047.4,10105.4,9885.457214,6917.6,122.768131,80.52136275,65.83763864,5.758964591,1.638192173,6788.052956,79.05681099,41.86275514,71.88605797,40.87642504,0.329,58.799,59.468,44.17208459,128.0333333,132.7666667,NA,157.1333333,58.447,60.6,19.74333333,20.03,21.78666667,NA,98.33594365,126.1602474,5.3,124.4950512,125.7813333,66.60130562,66.72053667,117.822827,119.1143333,109.424,57.936,80.657,186.3882017,188.5196667,90.65508502,8.423333333,7.76,8.25,5767.8,4815.4,3272.8,2684.4,1364.7,34.5,311.1,23.1,825.6,170.4,417.8,344.4,3737.9,1010.838,740.88,256.004,13.954,1212.45,553.681,658.769,-88.5,538.2,626.8,-90,6357.2,1304.586,812.966,564.283,18.585,2534.913,1037.177,1476.14,-63.7,654.4,718.1
1990q2,5960,5991.7,5882.940287,10083.9,10144.5,9953.520395,6935.4,123.1277385,80.83897678,65.86111916,5.742991,1.309884337,6838.250569,79.32106906,42.17071275,72.06785837,41.04151915,0.329,59.333,60.132,45.10745938,129.3,134.5,NA,160.8,59.101,61.3,15.96,16.14333333,17.77666667,NA,99.02612124,126.8362122,5.333333333,124.7213976,125.705,66.50485312,66.54003801,117.9458371,118.9953333,109.784,58.338,80.31,186.9194655,188.9163333,91.04872026,8.676666667,7.746666667,8.243333333,5864.9,4897.5,3334.7,2738.8,1379.2,32.7,318.4,26.7,830.8,170.6,436.6,361.4,3783.4,1014.72,734.124,246.896,33.7,1230.721,563.935,666.786,-68.8,545.9,614.8,-72.9,6376.6,1304.993,802.375,542.033,46.55,2538.916,1038.519,1478.847,-54.3,662.6,716.9
1990q3,6015.1,6042.3,5973.361906,10090.6,10142.5,10020.58248,6922.2,123.5029425,81.13638653,65.88204326,5.726903092,0.698737063,6887.94545,79.5981143,42.45502976,72.24753136,41.19589059,0.329,60.087,60.74,46.07478134,131.5333333,136.5,NA,164.7,59.612,61.9,23.56,23.25666667,26.42333333,NA,99.00149611,122.365786,5.7,124.984393,125.8713333,66.45109729,66.47455013,117.7855703,118.712,109.648,58.53,79.895,187.450875,189.3526667,91.39530112,8.703333333,7.476666667,8.16,5911,4958.9,3372.5,2769.3,1401,31.8,327.2,31.6,839.6,170.8,408.7,337.8,3846.7,1000.785,744.412,234.507,21.866,1242.584,562.235,680.349,-75,555.1,630.1,-82.4,6401.8,1279.695,808.043,512.889,30.476,2542.963,1033.961,1488.65,-46.4,667.6,714
1990q4,6004.7,6055.2,6057.534401,9998.7,10088.1,10086.67697,6821.2,123.8955999,81.41271343,65.90338972,5.710711722,-0.872209673,6937.136144,79.88882441,42.72148571,72.42542942,41.33911394,0.329,60.882,61.25,47.00580425,133.7666667,138.0666667,NA,168.6,60.067,62.3,29.54333333,29.91666667,31.88333333,NA,98.74646436,118.9761286,6.133333333,125.1619567,126.069,66.37556783,66.39881741,117.4750573,118.361,109.2556667,57.921,79.555,188.0121805,189.8663333,91.39224539,8.396666667,6.99,7.743333333,5927.4,4981.4,3381.5,2772.2,1399.8,29.7,327.3,31.3,844.5,167,414.2,329.4,3867.9,947.453,737.519,221.268,-11.335,1268.467,569.655,698.812,-79.1,568.2,647.3,-54.3,6353.1,1208.107,795.35,483.295,-14.323,2559.964,1035.214,1505.336,-21.4,673.5,694.8
1991q1,6035.2,6074.6,6156.655499,9951.9,10021.8,10152.1772,6775.3,124.3060557,81.67081763,65.92772219,5.694428506,-1.972751264,6986.166116,80.19309786,42.97325475,72.60190508,41.4733287,0.329,61.202,61.793,47.85532084,134.7666667,140.0666667,NA,172.1,60.651,63,19.39333333,19.92333333,21.87,NA,100,120.4492501,6.6,125.3117424,126.071,66.24105409,66.25841998,116.9201241,117.7823333,108.787,58.1,78.777,188.5772748,190.2716667,91.89186855,8.016666667,6.023333333,6.426666667,5973.1,4997.8,3387.5,2771.7,1389.7,26.2,321.3,33,833.2,176,451.2,367,3873.6,924.569,729.8,210.289,-15.52,1284.187,581.371,702.816,-47.1,573.2,620.3,46.6,6329.2,1167.908,779.41,457.826,-22.629,2575.22,1047.039,1507.595,-9.3,677.6,686.9
1991q2,6126.9,6155.4,6241.383943,10029.5,10080.8,10216.90582,6842.5,124.7303264,81.91196247,65.95453995,5.678065883,-1.834271755,7035.073481,80.50802588,43.20905072,72.77731083,41.60029754,0.329,61.536,62.27,48.63373603,135.5666667,141.3333333,NA,175.3,61.088,63.6,18.15333333,18.38,20.75,NA,100.01,126.1576998,6.833333333,125.5271419,126.3516667,66.15673665,66.27218004,116.9358482,117.7293333,108.311,59.05,78.278,189.1298556,190.6556667,92.00913723,8.13,5.56,5.863333333,6034.5,5060.3,3427.6,2800.1,1399.1,27.9,325.2,35.5,829.7,180.8,447.8,373.1,3926.9,926.541,726.787,217.788,-18.033,1296.577,586.644,709.933,-23.2,590.7,613.9,14.8,6381.7,1167.904,775.471,471.919,-26.846,2585.693,1051.331,1513.668,3.2,702.3,699.1
1991q3,6205.9,6231,6329.874077,10080.2,10125.5,10281.57023,6893.1,125.1705902,82.14046298,65.98573566,5.661637028,-1.958555189,7083.88562,80.83464206,43.44174014,72.95199918,41.71968273,0.329,61.954,62.83,49.4599811,136.6,142.8666667,NA,178.7,61.557,64.1,18.61666667,18.88666667,21.66,NA,100.18,126.9436048,6.866666667,125.6476021,126.318,66.02160117,66.0930927,116.9827939,117.66,108.308,59.551,78.194,189.7010184,191.1213333,92.23063137,7.94,5.376666667,5.643333333,6098.2,5112.3,3469.9,2828.1,1405.1,24.5,329.1,39.4,828.5,183.6,446.3,376.3,3973.3,947.476,720.15,226.483,0.843,1306.265,586.324,719.941,-21.1,600.6,621.7,-13,6413.5,1191.028,768.792,487.876,1.133,2578.454,1037.43,1522.47,0.1,718.9,718.8
1991q4,6264.5,6297.8,6408.227355,10115.3,10173.4,10347.37683,6913.8,125.6298463,82.36400136,66.02308824,5.64515559,-2.242856678,7133.435592,81.17450238,43.67826419,73.12643033,41.83560807,0.329,62.404,63.325,50.29777998,137.7333333,144.2,NA,181.9666667,61.915,64.6,18.79333333,19.14666667,21.73,NA,101.05,124.7493585,7.1,126.0762989,126.669,66.06807225,66.0936913,117.1053746,117.6786667,108.3303333,59.836,78.055,190.2820758,191.6506667,92.3219303,7.346666667,4.54,4.816666667,6155.9,5189.2,3517,2858,1412,28.6,333.9,46.4,819.3,183.8,449.6,372.6,4000,978.788,717.6,230.055,31.133,1308.774,577.406,731.368,-23.1,615.2,638.3,-16.8,6410.3,1233.261,768.366,497.527,39.445,2559.584,1011.489,1533.211,0.4,735.1,734.7
1992q1,6363.1,6395.8,6473.65066,10236.4,10293.7,10414.24425,7009,126.1054315,82.58362967,66.06525935,5.628635243,-1.707701971,7184.043447,81.5254586,43.92733288,73.30127855,41.95103461,0.329,62.795,63.809,51.22728766,138.6666667,145.4666667,NA,185.5666667,62.162,65.1,16.15333333,16.45333333,18.90666667,NA,102.27,127.0451289,7.366666667,126.9934895,127.3573333,66.14080305,66.30615872,117.4344437,117.9583333,108.3483333,61.018,77.597,190.862091,192.0746667,92.86077566,7.303333333,3.893333333,4.023333333,6284.7,5297.3,3595.7,2912.9,1425,32.9,345.8,50,811.1,185.2,479.4,400.9,4100.4,956.817,714.208,242.362,0.246,1326.421,580.332,746.089,-20.5,625.3,645.8,-21.8,6530.3,1210.478,765.359,525.983,2.985,2582.28,1015.223,1552.966,8.4,748.4,740
1992q2,6470.8,6502.8,6555.112322,10347.4,10403.6,10482.2231,7096.1,126.5835784,82.80871212,66.10485754,5.612089039,-1.286207126,7235.65447,81.87850635,44.1956242,73.47654484,42.0702298,0.329,63.212,64.26,52.05263247,139.7333333,146.7333333,NA,188.7333333,62.533,65.5,18.66333333,18.82666667,21.2,NA,102.12,128.945735,7.6,127.5007181,128.1396667,66.16711953,66.56375537,117.8106394,118.4066667,108.6236667,61.528,77.91,191.4744612,192.5066667,93.23963132,7.376666667,3.68,3.77,6375.3,5391.3,3651.9,2952,1449.8,35.4,359.8,57.3,809.3,188,483.4,407.8,4155.7,1013.084,736.717,253.159,23.209,1334.807,580.904,753.904,-32.8,626.2,659,-39.4,6574.7,1278.935,790.107,543.983,28.683,2577.285,1012.59,1550.707,-3.4,748.7,752.2
1992q3,6566.6,6595.9,6630.75021,10449.7,10501.3,10551.78486,7171.8,127.0625375,83.0440275,66.14161491,5.595528555,-0.967465344,7288.564357,82.2324447,44.48016043,73.6522302,42.19546406,0.329,63.615,64.64,52.78298368,140.8,147.8666667,NA,191.5,62.833,65.8,19.41666667,19.75,21.66666667,NA,102.96,126.5849706,7.633333333,128.0509184,128.559,66.26304594,66.60248362,118.2248853,118.753,108.8866667,62.086,78.033,192.093569,193.0243333,93.19172032,6.616666667,3.083333333,3.256666667,6427,5451.7,3688.5,2976.6,1464.6,36.7,371.1,64.3,801.8,190.7,470.6,399.3,4227,1024.162,748.536,255.113,20.512,1353.997,594.2,759.796,-38.5,639.4,677.9,-52.7,6645.1,1289.101,802.189,544.208,26.307,2593.701,1026.833,1551.367,0.6,764.6,764
1992q4,6680.8,6711.1,6721.306512,10558.6,10611.9,10622.61809,7260.9,127.5448985,83.28532314,66.17796119,5.578962828,-0.602658307,7342.715996,82.58894385,44.77959899,73.82833562,42.32547052,0.329,64.059,65.114,53.56983845,142.0333333,149.2,NA,194.4333333,63.275,66.3,18.22666667,18.52666667,20.48,NA,103.77,134.603333,7.366666667,128.0174068,128.3403333,66.0483886,66.28613043,118.5035012,118.8336667,109.3076667,62.449,78.545,192.7322711,193.6156667,93.54726648,6.743333333,3.07,3.036666667,6532.2,5529.7,3736.9,3020.8,1485.2,34.1,384.8,70.7,802.4,193.2,491.7,424.7,4307.2,1057.962,768.287,268.331,21.344,1362.775,598.377,764.399,-47.1,641.4,688.5,-68.4,6724.3,1328.433,823.211,564.987,30.178,2593.4,1027.58,1550.195,-13.9,768.4,782.3
1993q1,6729.5,6766.7,6805.371678,10576.3,10639.9,10695.54238,7262,128.0299435,83.53938222,66.21522439,5.55200824,-1.114879263,7398.559421,82.95666285,45.10181212,74.00486213,42.45832621,0.329,64.441,65.563,54.22560554,143.0666667,150.5,NA,197.3,63.652,66.8,17.34333333,17.61,19.81333333,NA,103.81,139.1354499,7.133333333,128.2476419,128.4853333,65.90706138,66.19338574,118.9488239,119.2973333,109.9473333,61.915,79.233,193.3731912,194.106,93.91080708,6.28,2.96,3.04,6546,5555.7,3745.6,3015.9,1502.3,28.6,390.3,80.7,806.7,196,489.3,406.5,4349.5,1083.829,776.488,271.401,35.94,1351.818,580.289,771.529,-55.7,643.6,699.3,-57.3,6750.1,1359.751,831.381,565.374,52.093,2561.222,993.966,1555.608,-29.1,770.2,799.3
1993q2,6808.9,6839.6,6893.242132,10637.8,10691.1,10769.57088,7301.5,128.5090311,83.80400029,66.25027285,5.532545703,-1.223548083,7455.255875,83.31434588,45.43965787,74.18181071,42.60001393,0.329,64.874,66.061,54.78933189,144.1,151.7666667,NA,200.3,64.027,67.3,17.68,17.94666667,19.76333333,NA,104.86,138.6579681,7.066666667,128.6994516,129.0863333,65.91591114,66.34941902,119.5702142,119.9596667,110.5376667,61.553,80.133,193.9911652,194.5553333,94.01462445,5.99,2.966666667,3,6664.3,5630.9,3800.2,3066.5,1518.8,34.9,394.6,86.9,801.8,200.6,517.6,444.7,4418.6,1094.479,792.371,278.005,24.104,1359.066,576.737,782.33,-63.2,653.1,716.3,-74.5,6811.5,1367.575,847.72,572.919,35.149,2561.456,983.534,1568.182,-36.4,779.4,815.8
1993q3,6882.1,6918.3,6982.565131,10688.6,10750.4,10844.63255,7377.4,128.984449,84.0770545,66.28519131,5.512899511,-1.438799764,7512.907208,83.67018647,45.7934078,74.35918239,42.74686449,0.329,65.155,66.43,55.38347333,144.7666667,152.6666667,NA,202.8666667,64.349,67.8,15.59,15.84,17.8,NA,105.65,143.2437085,6.8,129.1808038,129.428,66.00008442,66.35019583,120.2967383,120.6256667,111.2343333,61.829,80.604,194.6126848,195.068,94.83773742,5.616666667,3.003333333,3.06,6717.1,5672.4,3834.1,3093.6,1517.2,26.1,397.4,92.5,793.7,207.5,532.4,452.4,4487.2,1095.852,798.315,290.939,6.598,1367.411,578.741,788.67,-68.4,650.9,719.3,-77.4,6887.3,1358.287,854.559,594.356,2.328,2565.1,979.837,1576.429,-49.3,777.3,826.5
1993q4,7013.7,7034.4,7070.042311,10834,10871.6,10921.03147,7476.7,129.4621883,84.35692004,66.32325666,5.493128139,-0.796916185,7571.7605,84.02801943,46.15931662,74.53697817,42.89826401,0.329,65.531,66.772,55.81196217,145.9666667,153.8666667,NA,205.1333333,64.727,68.4,14.06666667,14.27666667,16.42666667,NA,106.65,147.5520869,6.633333333,129.5114388,129.7416667,65.97468032,66.32297487,120.819301,121.152,112.0153333,62.068,81.375,195.2151605,195.621,95.23585118,5.606666667,3.06,2.99,6885.1,5752.4,3889.3,3141.4,1541.7,35.8,404.2,100.2,785.1,216.4,583.5,511.6,4552.7,1153.142,829.642,306.889,16.612,1381.394,584.909,796.484,-73.4,671.6,745,-108.3,6947.8,1429.661,885.375,624.832,19.545,2574.165,981.508,1584.101,-57.4,802.3,859.7
1994q1,7115.7,7143,7154.500402,10939.1,10987.3,10998.74859,7544.6,129.9435898,84.64248683,66.36478495,5.473294608,-0.542321611,7631.664155,84.38866354,46.54005245,74.71519907,43.05287097,0.329,65.766,67.075,56.38204325,146.7,154.8666667,NA,207.1666667,65.058,68.7,13.00333333,13.02,14.83,2.36,107.61,152.8532826,6.566666667,129.6526108,130.555,66.17629897,66.58070636,121.1791544,121.994,112.876,62.239,81.888,195.8062921,196.0853333,94.81225896,6.066666667,3.243333333,3.213333333,6956.2,5802.1,3913.4,3152.7,1568.7,41.8,408.4,109,782.8,226.7,592.6,517.5,4621.2,1201.675,840.715,315.598,45.362,1373.35,567.047,806.303,-80.6,681.2,761.8,-93,7027.3,1484.116,894.742,634.165,61.934,2542.324,947.224,1590.665,-69.6,810.2,879.8
1994q2,7246.9,7269.8,7240.069123,11087.4,11128.5,11076.9491,7673.9,130.4158268,84.93561993,66.40204462,5.453465319,0.094348223,7692.255083,84.74372953,46.9427554,74.8938461,43.21286697,0.329,66.133,67.526,56.88691931,147.5333333,155.9333333,NA,209.7333333,65.369,69.3,15.77333333,15.88333333,17.79,1.96,108.47,155.5700337,6.2,129.9071934,130.6536667,65.94396705,66.48297222,121.9826321,122.596,113.9166667,62.301,83.209,196.4063864,196.522,95.01174354,7.083333333,3.986666667,3.94,7098.2,5906.4,3991.5,3223.3,1597.2,36.7,417.5,113.5,794.3,235.2,616.5,539.2,4683.2,1264.948,855.609,327.929,81.411,1389.392,569.374,820.018,-90.6,707,797.6,-109.2,7081.9,1557.107,908.686,654.681,111.808,2554.916,943.21,1608.822,-75,837.6,912.6
1994q3,7331.1,7352.4,7333.867138,11152.2,11190.6,11156.40942,7720.3,130.8795327,85.24181888,66.43428685,5.433708846,-0.037730953,7753.938778,85.09355773,47.36703311,75.07292028,43.38031111,0.329,66.607,67.903,57.44299497,148.9,157.1,NA,212.2,65.717,69.8,16.69666667,16.90666667,18.49666667,1.646666667,109.14,154.3562715,6,130.2704576,131.116,65.9981917,66.53945699,122.4737462,123.245,114.9193333,61.946,84.192,197.0022087,197.05,95.67151451,7.333333333,4.476666667,4.486666667,7205.8,5972.2,4031.8,3258.7,1624.6,32.1,424.6,116.3,810,241.6,651.2,571.9,4752.8,1251.749,872.098,326.427,53.223,1423.432,586.518,836.915,-96.9,736.9,833.8,-121.7,7135.9,1531.67,924.2,645.038,69.811,2597.991,966.05,1627.746,-69.3,868.9,938.2
1994q4,7455.3,7475.7,7427.009714,11279.9,11316.6,11237.09668,7834.1,131.3411323,85.55656927,66.4634675,5.414094703,0.380910847,7816.941377,85.44225491,47.80806757,75.25242264,43.55430921,0.329,66.92,68.248,57.93824814,149.7666667,158.1,NA,215,66.083,70.2,16.17,16.29333333,17.65,1.59,109.67,153.6886893,5.633333333,130.8699417,131.862,66.49483478,66.73155624,123.4931122,124.4496667,115.8326667,62.602,84.537,197.5970765,197.6006667,96.28324582,7.836666667,5.28,5.166666667,7331.7,6082.9,4088.1,3311.6,1665.4,28.1,437.4,115.9,838.2,245.8,676.1,595.8,4826.7,1307.566,906.989,325.435,75.142,1422.923,575.796,847.127,-101.9,758.6,860.6,-138.5,7213.1,1594.684,960.258,635.109,98.103,2575.394,940.615,1633.691,-75.6,889,964.6
1995q1,7522.3,7552.1,7521.456713,11320,11370.3,11318.73097,7877.3,131.8040437,85.87544548,66.49028482,5.394692118,0.011211752,7881.132054,85.79197976,48.26717672,75.43235419,43.73296182,0.329,67.247,68.606,58.57168321,150.8666667,159.4333333,NA,217.3666667,66.46,70.8,16.99333333,16.99333333,18.38333333,1.55,110.33,160.1493153,5.466666667,131.3117927,132.087,66.37140219,66.75038659,124.1518945,124.8486667,116.7023333,62.641,84.951,198.2259759,197.882,96.55036693,7.483333333,5.736666667,5.81,7401.9,6174.1,4134.4,3358.1,1691.3,20.3,447.1,118.3,856.9,248.7,677.7,588.9,4862.4,1327.586,944.62,321.787,61.179,1437.596,579.066,858.53,-105.3,781.6,886.9,-119.2,7231,1611.428,995.757,620.684,82.042,2584.415,937.969,1646.457,-79.7,906.1,985.8
1995q2,7581,7613.6,7612.946755,11353.7,11407.7,11401.54512,7902.8,132.2617671,86.20439128,66.51079522,5.375568836,-0.419637178,7946.315642,86.13843686,48.74568123,75.61271597,43.91731717,0.329,67.639,69.013,58.87104681,152.1,160.7333333,NA,219.2333333,66.785,71.3,18.23,18.24666667,19.36333333,1.63,111.01,154.5998085,5.666666667,131.6812933,132.13,66.24086378,66.6328227,124.2328118,124.6293333,117.1343333,62.936,84.826,198.8549341,198.2956667,96.60914366,6.62,5.596666667,6.02,7481,6243.2,4172.9,3395.2,1716.9,18.4,453.6,121.6,869.6,253.7,702.5,605.8,4933.6,1303.988,956.779,313.451,33.759,1452.892,581.01,871.882,-109.5,798.9,908.3,-119.4,7294.4,1577.96,1005.284,601.553,46.814,2593.101,934.842,1659.435,-76.3,918.8,995.1
1995q3,7683.1,7702,7706.439279,11450.3,11483.3,11485.08306,7993,132.7166223,86.53839184,66.52586084,5.356789982,-0.302854258,8012.648564,86.48307018,49.24874887,75.793509,44.10745223,0.329,67.915,69.342,59.18868432,152.8666667,161.8,NA,221.5333333,67.084,71.8,16.58333333,16.78,17.86,1.546666667,112.01,157.8393049,5.666666667,132.1051898,132.43,66.28941141,66.61234262,124.6123438,124.9336667,117.6336667,62.93,85.801,199.4868841,198.807,96.60811484,6.323333333,5.366666667,5.796666667,7610.5,6321,4219.7,3438.9,1746.3,21.4,463.1,125.7,874.4,261.7,736.9,649.9,4998.7,1303.248,965.53,326.393,11.326,1455.659,579.337,876.322,-74.4,831.4,905.8,-99.8,7360.5,1568.555,1011.697,623.826,10.647,2586.304,927.347,1661.054,-40,958.6,998.6
1995q4,7772.6,7803.1,7801.351384,11528.1,11578.1,11570.74324,8057.1,133.1736115,86.88465463,66.53765781,5.338417011,-0.368543637,8080.604983,86.82907836,49.77277885,75.97473431,44.30427786,0.329,68.214,69.69,59.63452906,153.7,162.9333333,NA,223.6666667,67.401,72.3,16.78,16.90333333,18.15,2.173333333,112.67,162.3787464,5.566666667,132.4605371,132.6136667,66.21520437,66.52247703,125.0576245,125.2213333,118.172,63.275,86.018,200.1352349,199.3516667,97.02499647,5.893333333,5.26,5.72,7697,6395.1,4265.3,3479.9,1784.2,28.1,472.9,134,876.5,272.7,749.5,650.3,5055.7,1335.135,982.059,334.645,18.431,1451.575,567.315,884.26,-69.8,839.4,909.2,-85.1,7411.9,1607.513,1031.309,635.945,17.123,2559.248,895.759,1669.728,-39.1,972.2,1011.3
1996q1,7868.5,7905.7,7898.197811,11614.4,11674.2,11658.23583,8122.7,133.6349696,87.2394095,66.54737441,5.320506752,-0.376007438,8150.074912,87.17786546,50.31131685,76.15639294,44.5063876,0.329,68.593,69.964,59.93575891,155.0666667,164.0333333,NA,225.7,67.712,73,18.38333333,18.48333333,19.76,3.493333333,113.65,165.3888935,5.533333333,132.8889355,132.916,66.13547833,66.53251642,125.52262,125.542,118.682,63.663,86.19,200.7794889,199.776,97.21539976,5.91,4.93,5.363333333,7820.3,6510.7,4314.5,3524.4,1823.3,36.9,486.4,139.5,874.8,285.7,784.5,683.8,5130.6,1355.353,1003.747,344.725,6.881,1471.295,579.828,891.466,-88.8,847.9,936.7,-102.9,7480.2,1633.332,1057.441,652.491,2.307,2576.137,913.433,1666.744,-60.3,983.9,1044.2
1996q2,8032.8,8061.8,7993.824598,11808.1,11855.6,11750.80672,8278.3,134.0970341,87.62913216,66.55350152,5.303110588,0.487568896,8224.044453,87.52699359,50.87227191,76.37088564,44.73118609,0.329,69.052,70.296,60.27667022,156.4,165,NA,227.4,67.988,73.7,20.25666667,20.51666667,21.69666667,2.32,114.38,166.3247865,5.5,133.5363241,133.591,66.23134415,66.70233907,126.2419562,126.28,119.4746667,64.284,86.993,201.478451,200.2793333,97.71695015,6.72,5.02,5.243333333,7967.2,6638.6,4387.5,3590,1866.4,44.2,503.3,141.6,879.4,297.9,798.1,700.2,5220.5,1418.388,1026.468,361.399,30.521,1487.662,582.142,905.521,-93.7,859,952.8,-109.3,7560.7,1711.813,1085.622,680.939,33.592,2608.232,922.08,1690.762,-67.6,999.9,1067.6
1996q3,8131.4,8157.2,8087.333654,11914.1,11956.7,11849.53414,8378,134.5583452,88.06242469,66.55685399,5.286273765,0.544881022,8303.545831,87.87546302,51.46628928,76.62381917,44.98450408,0.329,69.346,70.617,60.60004863,157.3,166.0666667,NA,229.1333333,68.318,74.2,20.72333333,20.75333333,22.39,2.126666667,115.1,166.6765686,5.266666667,134.3234813,134.2843333,66.50695117,66.85813104,127.2310627,127.2183333,120.2056667,64.522,87.716,202.1796257,200.8496667,97.82169586,6.78,5.096666667,5.306666667,8066.8,6712.8,4451.2,3647.2,1888.9,33.5,514,143.7,889.2,308.5,804.7,706,5274.5,1474.35,1058.965,364.315,51.07,1496.733,577.756,918.978,-114.2,859.6,973.8,-133.5,7606.5,1789.565,1119.764,679.515,74.191,2608.223,909.875,1705.125,-94.2,1008,1102.2
1996q4,8259.8,8291.2,8202.368416,12037.8,12088.4,11954.09944,8481.1,135.0172843,88.53754909,66.55838846,5.270034859,0.700182933,8388.728816,88.22217391,52.09379757,76.91129773,45.26738181,0.329,69.819,71.019,60.96052098,158.6666667,167.1333333,NA,230.8333333,68.607,74.8,23.03333333,23.08333333,24.60666667,3.073333333,115.78,167.595266,5.333333333,135.2285495,135.0136667,66.67284092,67.01849192,128.0413936,127.8403333,120.9183333,64.587,88.705,202.8888738,201.4573333,97.90328669,6.343333333,4.976666667,5.28,8210.1,6802.6,4514.5,3704.3,1921.9,34.7,522.1,145.3,902.2,317.6,827,716.3,5352.8,1480.128,1083.597,361.806,34.725,1515.702,576.913,938.789,-88.8,903.8,992.6,-114.3,7667.1,1787.19,1148.185,671.792,43.244,2626.227,905.469,1729.462,-53,1070.9,1123.9
1997q1,8362.7,8385.8,8327.204585,12115.5,12153.9,12064.07585,8535.5,135.4705413,89.05313095,66.55800586,5.254425401,0.426258475,8479.111861,88.56492429,52.74882153,77.22942556,45.57803373,0.329,70.127,71.298,61.21040248,159.6333333,168.1,NA,232.3333333,68.915,75.4,21.02,21.68333333,22.76,2.476666667,116.5,173.063489,5.233333333,135.6437972,135.5823333,66.66075291,66.98875305,128.5496558,128.4956667,121.674,64.446,89.471,203.5639908,202.3956667,98.39885212,6.563333333,5.06,5.276666667,8350,6922.2,4592.4,3776.4,1954,37.8,537.8,144.2,908.6,325.6,856.7,753.3,5433.1,1522.404,1107.299,365.359,49.745,1515.985,570.705,945.281,-108.8,918.4,1027.2,-132,7747.9,1823.255,1174.849,675.228,35.64,2612.572,892.682,1729.931,-80.7,1091.2,1171.9
1997q2,8518.8,8549.5,8422.818415,12317.2,12366.6,12178.42172,8703.8,135.9142715,89.60370085,66.55409196,5.239469666,1.139542376,8573.835035,88.90116447,53.43752649,77.57430686,45.91289207,0.329,70.303,71.67,61.58479186,160,169.1666667,NA,234,69.258,76.1,17.91,18.31333333,19.92666667,2.16,117.46,175.4358594,5,136.2382748,136.1153333,66.66648122,67.1063227,129.4347476,129.3396667,122.5546667,65.399,89.905,204.2097709,202.8353333,98.64204578,6.696666667,5.046666667,5.523333333,8474.8,7003.3,4660,3835.6,1975.2,28.1,547,144.6,921.9,333.6,880.9,767.9,5471.3,1590.218,1129.567,372.277,88.374,1542.541,587.181,955.361,-85.2,954.5,1039.7,-101.9,7782.8,1935.157,1199.251,684.677,140.404,2646.418,912.445,1742.739,-76.4,1134.8,1211.2
1997q3,8662.8,8685.9,8542.367908,12471,12509.3,12297.6255,8826.8,136.3514511,90.19064633,66.54767244,5.225184628,1.409820949,8672.96429,89.23281014,54.1521923,77.94204586,46.27111496,0.329,70.488,71.837,61.78176254,160.8,169.9,NA,235.1,69.464,76.8,17.76666667,18.05666667,19.80333333,2.506666667,118.31,177.5437414,4.866666667,136.8381536,136.59,66.84698838,67.16439928,130.1768133,129.9503333,123.2583333,65.925,90.449,204.8921512,203.3666667,99.09874331,6.243333333,5.046666667,5.533333333,8648.9,7116.4,4738.9,3903,2011.9,32.4,556.1,147.4,934.2,341.8,917.6,808.1,5579.2,1625.251,1178.364,378.952,67.935,1555.224,586.047,969.177,-96.8,974.1,1070.9,-122.8,7915.4,1962.053,1251.994,691.309,93.072,2658.663,908.584,1760.278,-94.8,1161.1,1255.9
1997q4,8765.9,8782.2,8656.576211,12577.5,12606,12420.6399,8911.3,136.7874479,90.80248288,66.54104017,5.211580077,1.262898711,8775.919716,89.56335369,54.89276588,78.32874676,46.64759637,0.329,70.71,72.065,61.90048517,161.6666667,170.8666667,NA,236.9333333,69.713,77.8,17.52,18.2,19.95,2.8,119.58,181.4985195,4.666666667,137.2151984,136.9163333,66.75860262,67.13713171,130.7683397,130.5036667,124.233,66.245,90.874,205.5612402,203.9353333,99.21747242,5.906666667,5.09,5.506666667,8795.5,7254,4844,3992.4,2049.1,31.2,565.4,152.1,950.3,350.1,904.3,799.9,5663.6,1644.529,1181.123,385.754,77.652,1574.782,589.224,985.558,-117,968.3,1085.3,-163.8,8010,1990.86,1260.004,698.607,99.287,2672.005,907.153,1776.112,-123.6,1159.4,1283
1998q1,8866.5,8891.8,8757.288478,12703.7,12745.1,12547.22446,9049.1,137.2269282,91.43412757,66.53627125,5.198658894,1.247092893,8882.498711,89.89584139,55.65862681,78.7305138,47.0394817,0.329,70.715,72.277,62.24973253,162,171.9,NA,238.7666667,69.783,78.5,13.33,13.95333333,15.96666667,2.186666667,121.08,187.9705903,4.633333333,137.7713021,137.1476667,66.78566418,67.09932565,131.4186997,130.7823333,124.996,66.858,91.431,206.2350258,204.395,99.72924499,5.586666667,5.053333333,5.52,8894.4,7416.5,4942,4074.9,2110,27.9,589.5,156.8,978,357.8,837.3,728.6,5721.3,1712.324,1212.378,394.846,105.1,1568.029,572.164,995.865,-135.2,963,1098.2,-164.9,8091,2078.205,1300.905,713.086,151.744,2662.448,884.592,1792.329,-166.3,1164.8,1331.1
1998q2,8969.7,8992.2,8869.065257,12821.3,12858.4,12677.45258,9142.4,137.6672929,92.08761437,66.53195114,5.18641746,1.13467136,8992.00436,90.22857008,56.44779604,79.14220098,47.44379387,0.329,70.843,72.498,62.69114429,162.5333333,172.8666667,NA,241.1,69.964,79.1,12.34333333,12.65,14.66,2.25,122.75,189.3947575,4.4,138.1902712,137.3256667,66.7400281,67.01918775,132.047158,131.2593333,125.7893333,67.194,91.913,206.9180549,204.905,100.0893314,5.596666667,4.976666667,5.5,9046.5,7544.4,5028.3,4145.5,2154.7,27,603.2,162.6,1000.5,361.4,835.6,729.6,5832.6,1695.773,1247.103,411.33,37.34,1603.691,587.065,1016.626,-162.3,947.3,1109.6,-196.1,8233.5,2065.336,1344.867,737.797,55.301,2709.053,901.823,1821.653,-209.7,1152,1361.6
1998q3,9121.1,9130.7,8999.679928,12982.8,13001,12809.97298,9279.9,138.1121313,92.75052714,66.5301159,5.17484621,1.349159895,9103.622003,90.56389671,57.25870675,79.5560409,47.85486468,0.329,71.062,72.756,62.99040179,163.3666667,173.9,NA,243.3,70.235,80.1,11.88666667,12.22666667,14.22333333,2.013333333,124.35,194.1450129,4.533333333,138.8434293,137.8146667,66.92555143,67.06875519,132.6029814,131.5683333,126.5003333,68.109,92.041,207.5917284,205.4826667,100.1126939,5.203333333,4.823333333,5.533333333,9210.8,7650.4,5114.9,4217.4,2180.4,27,618.4,168,1006.8,360.2,845.1,749.1,5926.8,1741.623,1261.652,427.55,52.42,1627.262,588.63,1038.633,-174.6,935.3,1109.9,-224.6,8340.8,2118.989,1366.129,759.373,69.982,2729.468,898.379,1847.29,-233.3,1146.7,1380
1998q4,9294,9306.2,9120.382397,13191.7,13213.3,12945.27098,9466,138.5668744,93.42255166,66.53355399,5.163930281,1.903621968,9217.519223,90.90539608,58.09743029,79.97204481,48.27156342,0.329,71.249,72.987,63.36494886,164.1333333,174.8666667,NA,245.3333333,70.424,80.8,10.83,11.32666667,12.93666667,1.91,126.39,189.3416157,4.433333333,139.4900265,138.4313333,66.98261908,67.16783143,133.3258916,132.2936667,127.2553333,68.625,93.182,208.2682925,206.0976667,100.5593621,4.67,4.253333333,4.86,9325.2,7742.1,5199.4,4288.7,2186.5,32.4,635.7,173.4,990.7,354.3,822.7,722.4,6028.2,1796.964,1295.444,441.503,60.017,1647.452,594.203,1053.249,-178.7,966.3,1145,-235.8,8461.3,2183.382,1405.966,777.203,81.947,2745.584,904.013,1857.818,-235.3,1189.3,1424.7
1999q1,9411.7,9437.6,9247.622996,13315.6,13349,13083.46513,9583.3,139.0318865,94.10406104,66.54278,5.15365027,1.774261389,9334.049018,91.25332875,58.95014232,80.39022404,48.69544489,0.329,71.39,73.171,63.744826,164.7333333,175.6333333,NA,247.2333333,70.615,81,10.86333333,11.03666667,13.07,1.806666667,128.22,191.4930862,4.3,139.8009101,138.9,66.90145726,67.14166941,133.8752214,132.9433333,128.017,69.578,93.044,208.9451697,206.876,101.0743844,4.983333333,4.406666667,4.733333333,9486,7836.6,5287,4364.6,2185.3,34.2,648.3,176.1,981.2,345.5,876.5,761.9,6102,1853.063,1322.305,447.363,83.394,1669.139,595.141,1073.998,-212.6,960.8,1173.3,-234.2,8548.2,2243.548,1437.127,780.198,113.307,2765.048,902.583,1880.024,-279.5,1185.4,1464.9
1999q2,9526.2,9557.1,9381.610543,13426.7,13466.8,13222.90843,9671,139.4928247,94.79274976,66.55108035,5.143983052,1.541200802,9451.844713,91.59830176,59.81826198,80.81058995,49.12427256,0.329,71.796,73.425,64.11855554,165.9666667,176.4666667,NA,249.3333333,70.934,82,15.43333333,15.65333333,17.65,2.24,130.12,192.1674459,4.266666667,140.2873266,139.1316667,66.89127841,67.07349408,134.3004254,133.2146667,128.831,69.832,93.554,209.6087889,207.4316667,101.3673302,5.54,4.453333333,4.746666667,9567.9,7896.8,5343.9,4409.3,2190.8,28.3,661.9,179.6,978.7,342.3,870.9,754.1,6230.6,1848.341,1353.96,459.27,35.111,1694.757,599.246,1095.511,-247.5,974.6,1222.1,-262.2,8679.1,2244.682,1475.261,792.348,48.463,2775.035,901.241,1892.107,-306.9,1200.1,1507
1999q3,9686.6,9715.2,9514.693786,13604.8,13641.2,13363.35825,9822.3,139.945734,95.48957201,66.55664609,5.134902648,1.806744582,9570.800978,91.93773199,60.71212045,81.23315399,49.55887917,0.329,72.191,73.695,64.54525872,167.2,177.4,NA,251.7,71.207,82.7,19.75,19.77333333,21.72666667,2.546666667,132.13,191.4600866,4.233333333,140.7463869,139.497,66.95969563,67.05178881,134.7894375,133.5706667,129.5883333,70.471,94.157,210.2697546,208.0436667,101.6975002,5.883333333,4.65,5.093333333,9695.9,8008,5424,4473.7,2216.1,25.9,673.6,179.4,990.3,346.9,856.2,737.7,6335.3,1893.735,1386.594,466.625,40.516,1733.984,614.158,1119.826,-276.4,1005.3,1281.7,-293.4,8776.7,2306.47,1517.519,798.3,60.068,2808.44,915.357,1911.116,-325.2,1236.3,1561.5
1999q4,9900.2,9938.3,9669.302473,13828,13877.4,13505.49631,10009.1,140.3939801,96.19711827,66.56078673,5.12638112,2.387943991,9691.499971,92.27225006,61.6174217,81.65792764,50.00194109,0.329,72.629,74.042,64.99108994,168.4333333,178.4,NA,253.9666667,71.581,83.5,23.03666667,23.18666667,24.59666667,2.483333333,134.1,189.4918691,4.066666667,141.3306974,139.991,67.00900361,67.09037495,135.5544358,134.275,130.476,71.512,94.549,210.9347692,208.6603333,101.7364388,6.14,5.043333333,5.306666667,9892.2,8173,5555.9,4584.1,2251.9,23.8,689.4,178.9,1000.6,359.2,863.4,726.5,6467,1953.097,1395.049,473.806,84.241,1781.74,634.344,1147.396,-301.7,1031,1332.7,-316.7,8905.1,2367.988,1524.251,804.127,114.34,2852.137,933.917,1935.879,-338.7,1262.7,1601.4
2000q1,10002.2,10035.3,9836.784618,13878.1,13920.1,13648.58537,10014.8,140.8406875,96.90797181,66.564662,5.11838946,1.681600125,9813.198474,92.60204557,62.52264025,82.08492247,50.44951305,0.329,73.219,74.43,65.49616255,170.1,179.5666667,NA,256.6,72.058,84.4,26.79333333,27.15,28.82333333,2.623333333,136.47,190.7770868,4.033333333,142.1605737,142.3856667,67.19640776,67.29446498,136.5060163,136.6193333,131.2453333,71.22,94.991,211.5842565,211.586,101.8926862,6.48,5.52,5.676666667,10156.1,8408.4,5749.2,4751.5,2298.5,26.7,693.9,179.8,1021.3,376.8,846,714.8,6618.2,1950.65,1450.25,484.243,16.157,1789.895,619.368,1170.527,-356.6,1052.9,1409.5,-370.5,9039.7,2351.223,1580.108,808.112,20.031,2831.903,903.013,1949.923,-381,1280.9,1661.9
2000q2,10247.7,10283.4,9999.523702,14130.9,14176.2,13788.68131,10244.3,141.2813848,97.5972973,66.56550661,5.110898455,2.481881193,9931.678412,92.89628825,63.40526802,82.50250799,50.89689202,0.329,73.568,74.689,65.83233528,171.4333333,180.7,NA,259.3,72.491,85.3,26.51666667,26.85333333,28.77666667,3.636666667,138.76,195.3455985,3.933333333,142.54629,142.5766667,67.13221463,67.17646209,136.8933747,136.9466667,132.0166667,72.659,95.245,212.2303903,212.242,102.29897,6.176666667,5.713333333,6.273333333,10287.4,8549.7,5791.7,4779.1,2372.6,32.7,717.9,180.2,1053.3,388.5,837.6,699.1,6711.9,2075.786,1498.729,486.613,90.444,1822.524,641.178,1181.346,-362.5,1093.4,1455.9,-379.5,9124.2,2490.501,1629.445,803.964,117.982,2859.814,931.183,1947.196,-394.9,1319.9,1714.8
2000q3,10318.2,10348.6,10156.70297,14145.3,14183.2,13923.90247,10233.9,141.7178001,98.25090756,66.56363928,5.103879511,1.590053695,10045.08304,93.15013152,64.24755208,82.9086534,51.33777418,0.329,74.042,75.05,66.54861519,173,181.9,NA,262.3,72.945,86.1,29.12,29.62666667,31.61333333,4.476666667,140.93,197.2807361,4,142.4770095,142.4366667,66.94539548,66.89721897,136.6796289,136.6953333,132.2666667,72.59,95.238,212.8870969,212.9186667,102.9051166,5.893333333,6.016666667,6.52,10442.4,8711.7,5903.9,4871.3,2421.5,31.4,728.9,182.9,1086.1,392.2,822.1,677.6,6820,2059.969,1519.657,483.08,57.233,1832.078,633.55,1198.528,-393.9,1125,1518.9,-416.8,9211.6,2466.375,1647.168,791.466,84.692,2847.75,913.559,1954.505,-424.9,1351.6,1776.5
2000q4,10435.7,10490.4,10306.35877,14229.8,14300.4,14053.43427,10302.1,142.1534629,98.86100541,66.56048851,5.09730539,1.254965368,10152.88468,93.36789563,65.0380387,83.30474603,51.76769869,0.329,74.46,75.421,67.03918866,174.2333333,183,NA,264.8,73.341,86.8,28.3,29.31333333,31.99,6.503333333,143.4,202.8733365,3.9,142.9842334,142.944,66.96829414,66.93377828,137.3578941,137.3413333,132.5413333,73.353,94.876,213.5449373,213.5603333,103.5227949,5.566666667,6.016666667,6.473333333,10501.1,8815.4,5943.7,4898,2478.2,34,748.7,191,1116.5,388,799.9,631.5,6918.6,2067.227,1525.091,487.792,54.344,1861.253,638.18,1223.073,-411.3,1113.2,1524.5,-420.7,9292.1,2471.534,1653.368,792.279,77.396,2865.194,916.091,1969.892,-441,1338.1,1779.1
2001q1,10470.2,10510.3,10465.70786,14183.1,14233.5,14177.01487,10241,142.5844513,99.42889804,66.55460403,5.091150875,0.042922496,10254.68673,93.55088578,65.76585936,83.69217324,52.18449319,0.329,75.012,75.912,67.73666783,175.9,184.3333333,103.8373162,268.3,73.843,87.6,24.15666667,25.19666667,28.81666667,6.32,146.04,203.4532214,4.233333333,143.6703972,143.8083333,67.06407605,67.16845476,137.6360214,137.7243333,132.7473333,72.937,94.851,214.2329155,214.101,103.5366588,5.05,4.816666667,5.593333333,10679.4,8975.4,6050.1,4979.5,2502,34.3,775.7,197.1,1117.6,377.3,782,622.6,6995.3,1971.333,1505.248,496.716,-30.631,1906.253,653.277,1252.976,-402.7,1096.8,1499.5,-423.7,9325.8,2358.969,1638.572,795.699,-41.56,2909.984,936.184,1994.229,-434.9,1321.3,1756.1
2001q2,10599,10647.4,10615.00828,14271.7,14333.1,14293.25537,10315.8,142.9915986,99.95870738,66.53829196,5.085393317,-0.150807957,10349.43678,93.6909716,66.41766684,84.07232236,52.5879147,0.329,75.363,76.199,68.33734831,177.1333333,185.4666667,104.2392723,271.3666667,74.335,88.4,23.85666667,24.7,27.90666667,4.363333333,148.39,207.3785117,4.4,143.3902512,143.4146667,66.68002288,66.78660741,137.0552143,137.088,132.3883333,74.195,93.923,214.9218262,214.7356667,103.4575223,5.27,3.66,4.326666667,10732.1,9012.4,6040.9,4961.4,2517.2,32.6,795.2,202.6,1113.8,373,808.1,638,7042.3,1973.033,1473.585,511.008,-11.56,1947.731,666.231,1281.501,-364,1058,1422,-379.1,9344.5,2362.652,1604.67,808.035,0.135,2960.454,949.794,2031.736,-417.4,1282.5,1699.9
2001q3,10598,10623,10737.36975,14214.5,14244.4,14401.42879,10249.6,143.3660044,100.4521877,66.50886796,5.080013058,-1.297987778,10436.45566,93.78687666,66.99886575,84.44658076,52.97585024,0.329,75.401,76.395,68.83324896,177.6333333,186.7333333,104.4783767,274.1,74.56,89.2,23.01333333,23.97666667,26.66666667,2.74,150.65,206.9442555,4.833333333,143.672126,143.6423333,66.66817105,66.67961285,136.6989799,136.7193333,131.985,74.613,92.799,215.5800785,215.4216667,104.2342451,4.98,3.17,3.496666667,10718.7,8997.1,6024.6,4935.9,2512.7,32.5,813,204.8,1090.8,371.6,773.2,627.7,7070.3,1944.909,1452.58,522.446,-30.116,1953.408,674.447,1278.961,-370.6,998.9,1369.5,-412.1,9377,2311.409,1585.696,813.073,-43.518,2957.571,955.428,2022.444,-444.5,1216.9,1661.4
2001q4,10660.5,10748.4,10846.56342,14253.6,14367.6,14502.37573,10259.9,143.708545,100.9151942,66.46748968,5.074993727,-1.715413597,10516.52791,93.84386805,67.51197586,84.81633577,53.34988097,0.329,75.432,76.764,69.32486952,177.5,187.9666667,104.6059758,277.3,74.801,90,16.92333333,17.93333333,20.4,2.413333333,153.03,208.5181749,5.5,144.0950349,144.2103333,66.65936544,66.72954568,136.1974124,136.2256667,131.193,75.555,91.734,216.2049283,216.1116667,104.5502754,4.77,1.906666667,2.133333333,10664.4,8987.7,6037.8,4937.8,2449.7,29.2,811.7,205.1,1028,375.7,785.4,585.2,7187.3,1850.091,1408.856,522.064,-80.829,1992.742,686.892,1305.85,-369.7,953.5,1323.2,-350.8,9528.3,2196.554,1540.138,807.849,-111.609,3006.637,966.847,2060.974,-469.6,1174.6,1644.2
2002q1,10783.5,10833.1,10951.69727,14372.8,14435.4,14596.98191,10389.4,144.0265231,101.3492626,66.4175937,5.07032239,-1.535810036,10590.63275,93.87161054,67.9690299,85.18297474,53.70993363,0.329,75.584,77,69.60971212,178.0666667,189,104.8139535,280.5333333,74.998,90.7,19.19,19.27,21.65666667,2.533333333,155.54,210.9862578,5.7,144.3098756,144.339,66.54556035,66.61881992,135.9820682,136.1053333,130.7723333,77.135,90.989,216.8519364,216.664,104.7961808,5.076666667,1.72,1.733333333,10826.8,9032.7,6060.7,4945.9,2455.1,18,841.8,207.3,995.9,392.1,870.1,711.7,7217.7,1912.659,1374.027,538.339,0.293,2040.01,714.032,1325.978,-386.9,969.2,1356,-404.4,9549.5,2262.071,1503.202,834.34,-6.151,3059.334,998.625,2080.474,-490.7,1200.2,1690.9
2002q2,10887.5,10918.4,11057.87345,14460.8,14498.1,14687.09037,10427.8,144.3230792,101.7653618,66.36086142,5.065989554,-1.540743365,10660.15869,93.87768259,68.38402844,85.54835468,54.05903462,0.329,76.145,77.424,70.10440455,179.4666667,189.9666667,105.305262,283.7333333,75.295,91.6,23.95666667,24.39333333,26.24666667,3.386666667,158.4,206.718994,5.833333333,144.6380144,144.8236667,66.47219147,66.67643732,136.1954501,136.36,130.64,77.259,91.177,217.4884087,217.2036667,105.3538808,5.1,1.713333333,1.75,10967.3,9131.9,6129.1,4998.3,2472.1,13.6,850.9,208.9,996.8,401.9,901.5,756,7308,1933.282,1357.267,554.846,21.169,2074.482,734.758,1339.723,-428.3,1004.2,1432.4,-456.4,9597.8,2298.939,1486.251,855.033,32.416,3082.755,1018.021,2083.223,-511.6,1236,1747.5
2002q3,10984,11027.5,11176.89809,14519.6,14573.3,14774.58935,10470,144.6044937,102.1724082,66.30031286,5.061989029,-1.725864231,10726.98703,93.87300485,68.77418629,85.91530187,54.4006404,0.329,76.539,77.836,70.7735085,180.4333333,190.9666667,105.8020574,287.2333333,75.633,92,25.93666667,26.33666667,28.34,3.21,161.42,203.4245437,5.733333333,144.8838001,145.1213333,66.44462647,66.60985338,136.5427563,136.8066667,130.556,77.852,90.85,218.122616,217.8676667,105.5255754,4.26,1.643333333,1.74,11051.7,9176.7,6156.9,5012.1,2482,21.8,851.2,207.7,997.8,403.5,934,778.5,7397.1,1933.197,1348.884,558.88,25.433,2101.256,748.351,1352.905,-447.5,1015.6,1463.1,-461.7,9665,2295.983,1481.408,857.541,26.563,3098.595,1028.036,2088.572,-529.9,1239.9,1769.8
2002q4,11061.4,11120.6,11307.24551,14537.6,14611.5,14860.70591,10472.2,144.8786851,102.5734455,66.23949758,5.058317644,-2.17422988,10792.4411,93.86340134,69.16211706,86.28382302,54.73818283,0.329,76.896,78.113,71.38359146,181.5,191.8333333,106.4995602,291.0333333,76.073,92.3,25.45,26.07666667,28.21666667,4.3,164.67,204.8900777,5.866666667,144.8104283,145.1403333,66.21347951,66.41271207,136.3754243,136.6516667,130.566,77.749,90.989,218.7530504,218.543,105.597008,4.006666667,1.333333333,1.443333333,11197.3,9258.9,6193.7,5027.1,2515.7,27.8,855.5,209.9,1014.1,408.4,1015.9,848.2,7473,1942.531,1331.215,578.313,33.004,2142.232,775.246,1366.986,-496.3,1003,1499.3,-499.2,9718.7,2293.746,1461.476,872.965,39.749,3121.374,1045.596,2092.642,-579.9,1221.6,1801.5
2003q1,11174.1,11217.7,11428.76369,14614.1,14667.1,14947.16312,10521.1,145.1539624,102.9745442,66.1814936,5.054974828,-2.228269802,10858.12979,93.8546391,69.55535897,86.65392489,55.07649073,0.329,77.484,78.354,71.95945321,183.3666667,192.4666667,107.4821466,293.0333333,76.482,93.3,30.58666667,31.39,34.09666667,6.39,167.55,200.0528656,5.866666667,145.0683397,146.0196667,66.12651072,66.33960698,136.4438384,137.4443333,130.4163333,78.509,90.53,219.339142,220.1093333,105.9582551,3.92,1.156666667,1.25,11245.8,9306.7,6213.2,5027,2532.6,29.9,846.4,218.7,1021.8,415.8,1007.2,862.8,7567.2,1960.221,1332.696,601.444,26.081,2172.01,792.724,1379.285,-525.3,1004.2,1529.5,-546.4,9766.6,2312.465,1468.714,889.046,41.275,3124.051,1057.662,2081.752,-575.9,1217.8,1793.7
2003q2,11312.8,11369.1,11536.43446,14743.6,14813.2,15035.05543,10626,145.4348086,103.3800338,66.12671659,5.051962066,-1.938505884,10924.67032,93.84959878,69.94866186,87.02561425,55.41698524,0.329,77.562,78.651,72.68426505,183.0666667,192.8,107.2961016,295.1,76.746,93.8,25.61666667,26.56,28.98,5.64,170.24,191.9085566,6.133333333,145.5127709,146.6766667,66.14997928,66.43747301,136.5511229,137.6556667,130.1843333,79.546,90.24,219.8993231,220.774,106.0851266,3.62,1.04,1.246666667,11377,9408.7,6307.3,5101.4,2534.8,37.3,855.1,223.2,1010.1,409.1,1044,891.4,7661.5,1972.386,1366.842,612.032,-6.488,2198.793,825.97,1372.822,-519.9,1007.5,1527.3,-526,9878.4,2327.492,1509.349,903.208,-9.38,3152.71,1094.2,2070.394,-599.9,1220,1819.8
2003q3,11566.7,11621.2,11671.15507,14988.8,15055.5,15124.15894,10876.1,145.7271016,103.7841196,66.07580299,5.049282254,-0.89498489,10992.09375,93.85203518,70.34942556,87.39889793,55.75755295,0.329,78.073,79.011,73.33093549,184.4333333,193.5666667,107.8946581,298.5,77.185,94.7,27.37,28.03,30.21333333,4.873333333,173.6,191.6900602,6.133333333,145.3076532,146.4866667,65.90786752,66.13015358,136.4275914,137.544,130.1966667,81.297,90.374,220.5241333,221.5126667,106.0652973,4.233333333,0.93,1.016666667,11565.4,9537.7,6393.7,5168.7,2566.7,39.7,865.5,227.5,1004.4,429.6,1097.6,941.8,7820.9,2044.304,1392.121,651.745,0.438,2220.432,833.257,1387.175,-519,1037.3,1556.3,-526.7,10018.1,2411.638,1541.336,954.974,3.437,3159.86,1093.921,2078.257,-595,1253.3,1848.3
2003q4,11772.2,11851.8,11813.42328,15162.8,15261.4,15215.89631,11030.7,146.0342205,104.1940462,66.02929714,5.046938948,-0.348952888,11060.9629,93.86406681,70.77372388,87.77378275,56.0997008,0.329,78.457,79.365,73.9308841,185.1333333,194.0666667,108.3508356,301.6,77.633,95.2,27.80666667,28.43666667,31.19333333,5.09,177.5,185.545149,5.833333333,145.6665391,146.815,65.8862133,66.05086477,137.1967604,138.273,130.5033333,82.063,90.803,221.1747191,222.2756667,106.3335969,4.286666667,0.916666667,0.996666667,11734.4,9674,6500.2,5256,2606.6,41.5,874.5,239,981.2,470.4,1159.4,976.6,7913.5,2131.311,1411.859,683.107,36.345,2251.164,855.125,1396.039,-523.7,1091.7,1615.4,-511.5,10087.1,2493.928,1560.735,983.399,45.183,3178.923,1114.267,2075.146,-597.4,1309.7,1907
2004q1,11923.4,12021.5,11971.84035,15248.7,15370,15310.6498,11046.7,146.3547509,104.613275,65.98613842,5.04493555,-0.404619042,11132.0485,93.88472046,71.22676867,88.15027558,56.44781668,0.329,79.062,79.801,74.73778672,186.7,195,109.3986133,305.1666667,78.191,95.7,30.98666667,31.91666667,35.24666667,5.64,181.44,181.1820146,5.7,146.0784526,146.8316667,65.84623775,66.03449723,137.7258357,138.489,130.905,81.823,91.202,221.7785468,222.356,106.8119616,4.02,0.916666667,1.003333333,11916,9771,6541.3,5274.5,2641.8,56.3,890.3,243,937.6,514.6,1268.6,1064.6,8048.8,2154.052,1401.83,706.197,46.025,2286.594,871.8,1414.794,-566,1133.7,1699.6,-548.9,10181.1,2498.14,1545.301,994.829,55.562,3193.302,1126.37,2076.531,-621.2,1339.3,1960.5
2004q2,12112.8,12185.6,12144.64479,15366.9,15455.1,15407.29988,11173.8,146.679231,105.0407735,65.9414978,5.04327444,-0.262212597,11205.14671,93.90787957,71.70625496,88.52838333,56.80446702,0.329,79.594,80.258,75.35372613,188.1666667,196.2333333,110.1302374,308.7333333,78.825,96.4,33.82333333,34.79333333,38.35333333,6.1,186.01,186.1563319,5.6,146.210066,147.125,65.70690249,65.98322669,138.0186176,138.902,131.6343333,82.68,91.295,222.4400496,222.9733333,107.12195,4.6,1.076666667,1.01,12148.5,9934.7,6668.5,5380.7,2674,55.3,907.8,243.4,924.3,543.2,1301.2,1113.5,8147.1,2262.607,1445.457,743.16,73.989,2320.682,884.561,1436.121,-617.6,1170.2,1787.7,-624.5,10236.7,2597.507,1583.94,1026.365,92.005,3201.827,1133.004,2078.023,-670.3,1367.4,2037.7
2004q3,12305.3,12386.9,12300.37527,15512.6,15611.3,15506.39167,11289.4,147.0068957,105.4807096,65.89498948,5.041956084,0.040037246,11280.10377,93.93303435,72.19882288,88.90811291,57.16914798,0.329,79.985,80.545,75.81684653,189.3666667,197.0666667,110.5077581,311.8333333,79.323,97.2,38.59,39.44333333,43.87333333,5.493333333,190.81,183.9636967,5.433333333,146.6114373,147.557,65.73190945,65.96790057,138.608121,139.5386667,131.9613333,83.067,91.811,223.094648,223.68,107.9301295,4.303333333,1.486666667,1.433333333,12376.1,10073.9,6803.7,5492.8,2683.8,47.1,917.1,241.8,933.4,544.4,1364.1,1158.9,8283.3,2318.272,1490.495,763.611,64.166,2356.371,902.509,1453.862,-652.7,1180.2,1832.9,-649.3,10356.9,2638.672,1629.205,1033.686,80.645,3207.809,1145.488,2070.244,-694,1371.9,2065.9
2004q4,12527.2,12581.7,12476.40627,15670.9,15734.5,15607.35958,11403.1,147.3425184,105.9257012,65.84863264,5.040978137,0.4071183,11356.47915,93.96321384,72.70031543,89.28947129,57.53774295,0.329,80.669,80.982,76.25646375,191.4,198.2666667,111.7831367,314.8333333,79.936,97.7,39.77333333,41.5,48.3,6.39,195.51,176.0876907,5.433333333,147.0540394,148.0046667,65.75751725,65.95044367,139.1074093,140.0293333,132.5213333,83.428,92.332,223.7545762,224.418,108.5494017,4.173333333,2.006666667,1.95,12540.6,10283.9,6864.5,5536.1,2817.9,51,926.8,242.9,962,635.2,1348.2,1164.7,8448.6,2390.082,1531.693,786.299,72.089,2388.847,909.622,1479.225,-700.3,1221.4,1921.8,-728.3,10474.1,2693.575,1662.655,1047.949,87.941,3205.846,1143.386,2070.564,-709.5,1404.5,2114.1
2005q1,12767.3,12854.4,12656.60119,15844.7,15948.3,15707.31861,11557.3,147.6915149,106.3522073,65.80460766,5.040334572,0.874632985,11431.39077,94.00183586,73.2249186,89.6492842,57.89348742,0.329,81.138,81.558,77.00689432,192.3666667,199.5,112.3119379,318.3333333,80.55,98.3,41.00333333,42.28,49.72666667,6.393333333,200.36,174.1338789,5.3,147.3028477,148.2613333,65.60509406,65.88279905,139.500632,140.428,132.9886667,84.324,92.586,224.4269598,225.038,108.9565332,4.296666667,2.536666667,2.47,12750.1,10292.6,6926.3,5574.6,2736.3,47.6,909.5,233.7,1012.3,533.2,1480.2,1257.9,8551.7,2486.068,1568.306,815.285,102.477,2426.138,931.826,1494.312,-696.7,1258.4,1955.1,-688.7,10540.6,2769.261,1686.791,1072.69,121.598,3221.699,1156.085,2072.93,-701.4,1430.8,2132.3
2005q2,12922.7,12997,12827.22947,15922.8,16009.8,15805.16528,11606.1,148.0524652,106.7538137,65.76229827,5.040014856,0.744280204,11504.65221,94.04795391,73.77811419,89.98103407,58.2359439,0.329,81.65,81.962,77.56434713,193.6666667,200.4333333,112.9043534,321.7666667,81.137,98.8,45.90666667,47.28333333,53.05333333,6.95,205.66,176.1822301,5.1,148.1578937,149.1416667,65.78682526,66.08721725,140.5221954,141.5256667,133.7183333,84.252,93.058,225.1222427,225.674,109.1522859,4.16,2.863333333,2.943333333,12964.8,10458.1,7005.6,5637.8,2806.3,51,913,231.2,1066.3,544.8,1497,1276.9,8701.1,2476.474,1603.838,843.801,28.835,2452.246,939.279,1512.967,-707.2,1294.9,2002.1,-722.2,10657.4,2733.225,1714.068,1092.494,30.068,3219.797,1154.907,2072.269,-698,1462.8,2160.8
2005q3,13142.6,13225.7,13023.51423,16047.6,16144.1,15902.19188,11715,148.4260922,107.1387897,65.7223807,5.040003203,0.914390436,11576.5116,94.10199269,74.35455912,90.28433775,58.56604105,0.329,82.532,82.281,78.08506968,196.6,201.1,114.1783448,324.5333333,81.905,99.4,56.75,57.77,63.19333333,9.66,211.09,176.4480857,4.966666667,148.8019255,149.7216667,65.91502969,66.12495528,141.3617352,142.287,134.4523333,84.826,93.296,225.8317237,226.4223333,109.7287577,4.213333333,3.36,3.46,13180.6,10621.9,7122.6,5738.3,2850.5,49.5,938.5,213.6,1101.1,547.8,1525.8,1287.2,8868.1,2531.076,1643.13,875.593,12.353,2494.438,956.393,1538.045,-751,1302.3,2053.3,-754.7,10745.9,2769.106,1749.806,1104.466,15.581,3230.377,1163.782,2073.441,-710.4,1462.5,2172.9
2005q4,13324.2,13379,13209.57137,16136.7,16198.1,15997.87532,11791.6,148.8130773,107.5031551,65.68572035,5.040277916,0.867769476,11646.65206,94.16435334,74.95042005,90.55881212,58.88186392,0.329,83.189,82.831,78.88325626,198.4333333,202.4333333,115.3508626,328.2666667,82.557,100.1,52.04333333,53.94,59.99666667,12.25,215.57,177.6799811,4.966666667,149.1137601,150.032,65.86362192,66.03637388,141.7245779,142.5996667,134.9333333,84.831,93.9,226.5393089,227.196,110.0877728,4.49,3.826666667,3.98,13489.4,10811.9,7209.9,5814.8,2953.4,43.5,963.9,206,1145.6,594.4,1617.2,1395.3,8955.3,2645.263,1668.669,890.206,86.388,2528.432,963.65,1564.782,-804.8,1350.7,2155.5,-839.1,10765.7,2857.35,1763.325,1102.299,101.02,3232.898,1164.213,2075.593,-735.1,1507.8,2243
2006q1,13599.2,13655,13381.16718,16353.8,16416,16091.60332,12001.2,149.2099867,107.8453505,65.65151511,5.040810856,1.629400609,11714.61611,94.23284178,75.56234118,90.80407404,59.18242403,0.329,83.621,83.311,79.41043779,199.4666667,203.7,116.0071423,331.1333333,83.135,100.8,54.65333333,56.17666667,63.27,7.703333333,218.72,175.2008119,4.733333333,149.5191117,150.556,65.7533257,66.10185119,142.4750063,143.4493333,135.731,85.417,94.913,227.2784106,227.7636667,110.4768787,4.57,4.393333333,4.456666667,13795.9,11104.3,7379.7,5971.4,3049.5,35.3,1014.2,194.5,1157,648.5,1675.8,1445.4,9100.2,2709.74,1735.308,896.218,78.214,2580.086,997.067,1583.019,-790.8,1414,2204.8,-801.8,10883.1,2899.229,1822.454,1091.968,94.172,3273.905,1194.484,2084.928,-720.2,1569,2289.1
2006q2,13753.4,13802.9,13574.70187,16396.2,16450.2,16183.16393,12015.2,149.6026274,108.1743296,65.61480455,5.041567039,1.316405563,11779.39871,94.298506,76.19663874,91.01974038,59.46826748,0.329,84.355,83.975,80.08483474,201.2666667,205.3666667,116.9047403,334.9333333,83.871,101.6,63.53,64.48333333,70.41,6.54,220.23,172.3832891,4.633333333,150.1770445,151.1013333,65.82799703,66.14699007,143.1082387,144.0676667,136.264,85.323,95.129,228.0087495,228.4326667,110.6273304,5.07,4.703333333,4.906666667,13973.1,11257.8,7428,6012.6,3144.9,33.8,1018.2,183.4,1231.4,678.1,1691.2,1453.1,9227.6,2709.252,1774.4,859.339,75.513,2610.565,997.164,1613.401,-794,1459.8,2253.8,-828.8,10939.5,2882.564,1854.334,1037.331,95.203,3272.721,1186.331,2092.642,-713.8,1598.1,2311.9
2006q3,13870.2,13906.6,13743.55023,16420.7,16459,16270.76144,12037.5,149.9878549,108.4805263,65.57542648,5.042504393,0.921521493,11841.16517,94.3605977,76.85188673,91.20542801,59.7407585,0.329,84.962,84.427,80.75644969,203.1666667,206.7666667,117.6582111,338.0333333,84.486,102.5,63.91,65.18333333,70.41666667,6.07,220.56,171.2715433,4.633333333,150.7754488,151.585,65.94991971,66.14627803,143.7139196,144.5473333,136.6836667,85.156,95.492,228.7226553,229.1663333,110.7672838,4.896666667,4.906666667,5.246666667,14125,11350.9,7487.3,6061.9,3157.9,33.4,1015.3,177.8,1240.4,691,1739.4,1505.8,9353.8,2709.42,1815.947,814.718,78.754,2630.28,995.447,1634.833,-823.3,1475.4,2298.7,-875.8,11009.7,2871.589,1886.134,979.901,95.318,3267.713,1175.607,2099.142,-739,1596,2335
2006q4,14039.6,14083.7,13863.75998,16561.9,16609,16354.46924,12172.6,150.3673864,108.763407,65.53499782,5.043573673,1.268342949,11899.95633,94.42164861,77.52288714,91.36075379,59.9985514,0.329,84.822,84.791,81.13111821,202.3333333,207.8333333,117.3704902,340.6666667,84.806,103.3,53.45666667,54.54333333,59.97666667,6.663333333,221.6,170.5929333,4.433333333,151.5974532,152.393,66.11675592,66.2877997,144.8249274,145.606,137.052,85.708,95.942,229.4489735,229.896,110.9101993,4.63,4.903333333,5.246666667,14207.5,11494.9,7623.6,6181.1,3171.6,34.7,1018.5,168.7,1233,716.7,1678,1421.3,9427.4,2675.406,1849.549,782.381,43.476,2674.454,1015.078,1659.375,-737.7,1531.5,2269.2,-770.9,11114.8,2818.228,1906.119,934.311,54.763,3294.635,1192.661,2108.412,-675.5,1656.6,2332
2007q1,14215.7,14258.6,14067.55184,16611.7,16656.9,16438.58206,12210,150.7405126,109.0521836,65.49411551,5.044718558,1.053119686,11959.78788,94.48244405,78.19795718,91.51833368,60.26141627,0.329,85.597,85.376,82.17505984,204.317,209.051,118.5853139,344.9426667,85.655,104.3,53.21666667,54.02,58.07666667,7.21,222.93,170.8200814,4.5,151.6716017,153.0593333,65.86354924,66.30556895,144.8112304,146.135,137.604,86.015,95.893,230.1694305,230.8393333,110.868952,4.68,4.983333333,5.256666667,14342,11734.2,7806,6343.8,3177.3,42.5,974.7,162.5,1257.9,739.7,1587.4,1316.3,9572.1,2664.295,1892.034,750.889,21.372,2718.491,1017.545,1700.946,-739.3,1578,2317.3,-805.5,11183.3,2800.037,1940.435,892.211,29.668,3299.115,1185.518,2120.637,-676.6,1689.4,2366
2007q2,14402.1,14463.3,14238.16921,16713.3,16779.3,16523.06216,12299.8,151.0969891,109.3540133,65.44933796,5.045875919,1.15134739,12020.73051,94.53773643,78.87495169,91.68666174,60.53306129,0.329,86.324,85.731,82.55128628,206.631,210.0656667,119.6262615,348.4413333,86.201,105.1,62.41333333,62.51,64.97666667,7.526666667,222.31,165.9454319,4.5,151.5831281,152.7153333,65.61000886,65.97287622,144.6953908,145.8506667,137.969,86.274,96.309,230.8771573,231.482,111.3730916,4.846666667,4.736666667,5.25,14511.4,11902,7845.2,6370.3,3303.8,38.9,959.6,180.3,1340.9,784.1,1655.2,1347.7,9678.7,2699.217,1937.718,719.274,42.225,2769.958,1042.453,1727.505,-745.8,1622.8,2368.6,-778.7,11212.7,2827.01,1983.497,857.055,54.925,3329.139,1204.95,2130.646,-663.6,1715,2378.6
2007q3,14564.1,14681.8,14389.45316,16809.6,16940.4,16608.02603,12374.8,151.4378038,109.6689572,65.40177488,5.046976277,1.213714218,12082.76588,94.58922565,79.5436582,91.86526064,60.81233323,0.329,86.812,86.152,83.15140682,207.939,211.1486667,119.9894005,353.2086667,86.568,105.9,70.45666667,71.41333333,75.46666667,6.173333333,219.45,162.3417583,4.666666667,151.9888017,153.0723333,65.66858861,65.91978525,144.8375591,145.9436667,138.0526667,87.029,96.055,231.5582337,232.21,111.237324,4.73,4.303333333,5.073333333,14465.1,11981.4,7885.2,6397.6,3324,39.1,947.9,193.6,1346.5,796.9,1589.7,1229.2,9798.4,2685.969,1967.377,673.671,44.922,2808.718,1058.838,1749.881,-729,1685.7,2414.7,-709,11287.5,2794.526,2014.616,802.575,36.338,3344.222,1215.483,2134.852,-623.3,1768.6,2391.9
2007q4,14715.1,14875.9,14520.68038,16915.2,17094.5,16691.7121,12438.4,151.7674795,109.9821395,65.35348036,5.047944429,1.338915381,12151.97412,94.71411152,80.19850695,92.05365302,61.08001325,0.329,87.694,86.747,84.01949751,210.4896667,212.635,121.6275673,357.667,86.982,106.7,82.45,83.98,90.75333333,7.026666667,215.44,156.192461,4.8,152.571434,153.6453333,65.74938179,65.96013222,145.223774,146.2713333,138.2876667,87.715,95.793,232.224394,232.9366667,111.5527671,4.26,3.39,4.496666667,14529.2,12110.8,7977.5,6473.9,3342.6,45.4,933.3,208.7,1355.7,799.5,1550.9,1138.9,9937.1,2642.56,1997.123,618.156,27.281,2865.057,1085.263,1779.794,-729.7,1750.7,2480.4,-670.3,11331.9,2762.518,2045.689,735.842,31.249,3370.95,1235.807,2140.641,-560.1,1809.2,2369.3
2008q1,14706.5,14857.3,14646.93114,16843,17009.4,16774.77722,12314.3,152.0875492,110.2968475,65.30494658,5.048700251,0.406698603,12221.70201,94.83822616,80.80907847,92.25136155,61.35009569,0.329,88.408,87.207,84.51801153,212.7696667,214.0433333,123.0484737,360.9153333,87.359,107.6,89.73,91.17666667,97.93666667,8.656666667,210.5,154.5626019,5,153.0156505,153.8746667,65.66936735,66.09547264,145.3677822,146.2066667,138.325,87.137,95.467,232.8831235,232.8066667,111.5012611,3.663333333,2.043333333,3.176666667,14574.1,12269.1,8054.9,6539.4,3395.2,48.5,916.4,249.2,1324.7,856.4,1454.2,1053.8,10004.4,2563.701,2013.699,566.675,-16.673,2909.64,1111.183,1798.456,-771.2,1813.3,2584.6,-735.6,11316.4,2686.998,2053.812,677.302,-6.799,3378.654,1254.557,2128.755,-540.1,1838,2378.2
2008q2,14865.7,15023.2,14787.72863,16943.3,17115.8,16854.43151,12386.9,152.3865974,110.6031094,65.25129106,5.049159658,0.527270766,12289.70995,94.95382183,81.34402303,92.45790887,61.61637723,0.329,89.269,87.573,84.87959709,215.5376667,214.9733333,124.656097,362.8003333,87.678,108.4,115.83,117.0166667,123.9533333,11.36,204.59,152.0938569,5.333333333,153.4841253,154.1283333,65.67521301,66.03330334,145.2424512,145.9256667,137.8623333,88.159,94.916,233.5408179,233.41,111.5916077,3.886666667,1.626666667,2.086666667,14617.9,12614.3,8054.9,6532.7,3397.2,44.3,923.2,281,1319.8,828.9,1428.1,1027,10129.9,2540.595,2024.039,538.808,-22.252,2971.642,1146.64,1825.002,-776.4,1905.3,2681.7,-731.3,11347.6,2641.85,2057.975,646.624,-29.623,3407.753,1281.368,2130.332,-463.7,1892,2355.7
2008q3,14899,15075.7,14965.69959,16854.3,17046.9,16929.75304,12280.3,152.6627299,110.8964385,65.19185516,5.049235708,-0.445683071,12354.22359,95.05905361,81.78932237,92.67281766,61.87125813,0.329,90.221,88.02,85.26628812,218.861,216.357,126.2441954,364.9913333,88.361,109,111.78,113.8933333,118.05,8.993333333,199.42,155.8728773,6,153.9421784,154.56,65.76610155,66.02015289,144.5706131,145.2703333,137.157,88.373,93.872,234.187626,234.1103333,111.9385315,3.863333333,1.493333333,1.94,14711,12461.9,8074.4,6547.2,3437.7,34.4,922.8,305.2,1373.5,801.8,1431.3,1008.2,10159.1,2498.242,2007.007,507.06,-15.825,3029.032,1170.238,1858.795,-787.4,1922.2,2709.6,-719,11260.1,2589.254,2019.55,613.819,-14.799,3435.1,1297.975,2140.834,-442.4,1883.6,2325.9
2008q4,14608.2,14704,15064.12123,16485.4,16588.4,16999.90855,11902.6,152.9186581,111.1696163,65.12781387,5.048839829,-3.026537183,12414.57218,95.15481875,82.14395271,92.89561055,62.11091798,0.329,88.781,87.95,85.81085697,213.8486667,216.8866667,123.7915586,367.579,88.511,109.5,51.84333333,55.07333333,58.34666667,6.41,193.55,177.8658933,6.866666667,154.066636,154.7233333,65.65905809,65.88878243,143.5762234,144.0903333,135.561,87.9,91.474,234.8117881,234.825,111.6656328,3.253333333,0.296666667,0.506666667,14411.7,12357.3,8043.2,6517.2,3378.1,30.8,920.7,325.6,1365.4,735.6,1068.9,732.8,9906.9,2307.915,1918.738,451.391,-62.215,3021.826,1179.781,1842.046,-628.5,1700.3,2328.8,-631.1,11158.8,2338.938,1901.929,554.077,-78.104,3458.839,1314.893,2147.35,-469,1772.8,2241.8
2009q1,14430.9,14551.6,15108.68616,16298.3,16430.4,17063.79365,11714.5,153.1581956,111.4128668,65.0604211,5.047883155,-4.486069517,12470.61609,95.24284603,82.42987421,93.12444539,62.33364473,0.329,88.181,87.95,86.5271156,212.3776667,217.797,123.0101961,370.794,88.536,109.8,40.45333333,40.39,42.91333333,4.563333333,192.37,183.3213193,8.266666667,154.0494677,154.2936667,65.37419688,65.68128865,140.9439318,141.4996667,133.2956667,88.902,89.014,235.4223162,234.9126667,112.031576,2.736666667,0.213333333,0.183333333,14162.6,12032.8,7730.4,6225.6,3222.5,23.5,890.3,326.5,1306.1,676.1,1297.5,953.5,9815,2014.878,1761.401,404.473,-150.996,3022.047,1185.23,1836.817,-421,1511.8,1932.8,-403.2,11130.5,2073.135,1758.633,500.348,-167.736,3498.103,1332.3,2169.143,-397.5,1631.3,2028.7
2009q2,14381.2,14504,15135.73126,16269.1,16403.6,17122.68277,11689.7,153.3792205,111.6362615,64.98808791,5.046277935,-4.985099488,12522.55313,95.32131601,82.66180445,93.35384393,62.54172125,0.329,88.532,88.294,87.11471634,213.507,218.9073333,123.13488,374.2043333,88.418,110.1,57.57333333,56.82,59.44,3.713333333,189.68,174.4727174,9.3,154.0917952,154.6573333,65.25400154,65.68324608,139.8153544,140.3043333,131.432,90.943,86.833,236.0060409,235.4593333,112.4377865,3.313333333,0.173333333,0.18,14188.4,12077.3,7762,6254.5,3103,24,878,335.9,1285.1,580,1321.9,1003.3,9805.5,1863.65,1684.966,374.685,-196.001,3070.452,1213.488,1856.964,-358.4,1521.1,1879.5,-354.5,11075.7,1952.641,1705.141,469.588,-219.104,3549.027,1363.933,2187.891,-304.4,1642,1946.4
2009q3,14448.9,14631.3,15202.13925,16326.3,16527.6,17177.41046,11727.5,153.5874367,111.8412471,64.91216402,5.043938997,-4.954824031,12571.38582,95.39340584,82.85925972,93.58380756,62.73815991,0.329,89.142,88.607,87.68232792,215.344,219.5596667,124.1535575,377.1503333,88.474,110.5,66.4,66.43666667,68.20333333,3.183333333,188.81,167.3597178,9.633333333,153.7459405,154.212,65.00586141,65.31832795,138.8882111,139.4036667,130.4603333,92.391,85.747,236.6063254,236.093,112.3854958,3.516666667,0.156666667,0.156666667,14263.6,12023.6,7746.5,6237.2,3064.5,27.1,907.9,355.9,1254,519.6,1492.5,1123.2,9939.4,1841.416,1656.037,389.385,-204.006,3092.058,1228.253,1863.804,-424,1594.7,2018.7,-366.6,11150.2,1946.867,1695.222,491.406,-236.813,3558.54,1376.381,2184.555,-324,1702.7,2026.7
2009q4,14651.2,14826.3,15297.09871,16502.8,16694.6,17230.32657,11885.8,153.7906268,112.03756,64.83500205,5.040785237,-4.222360886,12618.49077,95.46376415,83.06232781,93.81433768,62.92682735,0.329,89.83,89.159,88.51710757,217.03,220.6826667,125.139421,380.284,88.798,111,73.04333333,73.17,76.06,4.35,188.7,162.58407,9.933333333,153.0790772,153.591,64.57644584,64.87777679,138.1489461,138.368,129.976,93.643,85.743,237.2027152,236.739,112.3277239,3.46,0.056666667,0.12,14530.8,12129,7797.2,6279.2,3106.6,35.8,965.8,372,1246.2,486.8,1590.7,1227.5,10005,1998.71,1659.323,391.472,-52.084,3120.796,1256.168,1864.628,-473.3,1703.5,2176.8,-408.1,11137.9,2128.516,1706.564,490.39,-57.472,3565.188,1396.928,2169.823,-328.8,1796.5,2125.3
2010q1,14764.6,14968.9,15389.09027,16582.7,16806.5,17284.08946,11949.3,153.9968886,112.2366147,64.75911604,5.036741097,-4.058006415,12666.32539,95.53749305,83.2984602,94.04543567,63.11662613,0.329,90.177,89.464,89.04879142,217.374,220.7156667,125.564517,384.254,89.018,111.4,75.19,75.83,78.64,5.143333333,186.98,164.5649852,9.833333333,153.779036,153.7106667,64.65272592,64.8578248,138.2627328,138.59,129.7906667,93.744,86.108,237.7779297,236.9963333,112.6626183,3.716666667,0.106666667,0.133333333,14652.5,12288.7,7767.6,6233.2,3191.5,31.6,1025.5,404.9,1231.8,497.7,1684.6,1295.5,10101.8,2038.161,1659.963,379.435,-1.237,3133.819,1278.359,1855.46,-509.2,1759.9,2269.1,-421.6,11202.5,2174.335,1718.732,474.574,-6.872,3549.775,1412.544,2137.797,-341.8,1836.9,2178.7
2010q2,14980.2,15187,15513.74794,16743.2,16969.1,17339.5405,12079.9,154.2075339,112.4428882,64.68416182,5.031738013,-3.439194352,12716.35106,95.61546861,83.57437263,94.27710294,63.31422969,0.329,90.317,89.706,89.56769166,217.2973333,220.9926667,125.1182222,387.2903333,89.431,111.9,74.36333333,75.38333333,77.79,4.33,186.01,167.3870013,9.633333333,153.742669,154.1096667,64.45774065,64.88664146,138.8964024,139.2263333,130.424,94.055,86.762,238.37629,237.506,112.7186689,3.49,0.146666667,0.193333333,14865.7,12512,7910.6,6360.7,3274.8,34.7,1068.7,428.9,1221.8,520.7,1685.2,1300,10208.1,2148.795,1715.746,396.341,36.708,3165.768,1305.049,1860.719,-542.5,1819.7,2362.3,-444.1,11303,2288.469,1775.333,499.233,35.277,3560.566,1431.015,2129.491,-400.8,1877.3,2278.1
2010q3,15141.6,15339.7,15613.59971,16872.3,17088,17398.24975,12214.9,154.426623,112.6635382,64.61153588,5.025715787,-3.023003798,12769.14501,95.70026071,83.8997009,94.50934088,63.52075835,0.329,90.49,89.843,89.9475908,217.9343333,221.5276667,125.3709752,389.49,89.755,112.3,73.31333333,74.05333333,76.05333333,4.276666667,182.97,165.9801717,9.466666667,153.6917947,153.9173333,64.32310351,64.64299164,139.0698652,139.3376667,130.391,94.663,87.168,238.997431,238.1036667,112.9512337,2.786666667,0.156666667,0.186666667,15136.2,12638.3,7982.2,6422.5,3307.3,40.8,1088.2,442.6,1192,543.7,1850.3,1475.5,10300.8,2236.495,1762.364,361.234,112.897,3158.301,1304.343,1853.957,-553.9,1877.3,2431.2,-472.7,11383.6,2390.072,1823.655,454.993,120.261,3535.371,1424.541,2110.61,-426.8,1931,2357.8
2010q4,15309.5,15522.8,15759.70535,16960.9,17192.1,17459.66795,12312.7,154.6573375,112.8925936,64.54292281,5.018623878,-2.856686333,12825.38407,95.79388055,84.2573755,94.74215091,63.73816987,0.329,91.07,90.127,90.38199378,219.699,222.1073333,126.4494671,392.6583333,90.27,112.9,80.80333333,81.52,85.09666667,3.8,181.15,160.3941483,9.5,153.6831468,153.8033333,64.1426227,64.43067917,139.2207761,139.1546667,130.7333333,94.963,87.587,239.626329,238.7113333,113.2811208,2.863333333,0.136666667,0.186666667,15263.7,12787.4,8041,6473.6,3385.7,47.6,1096.8,458.3,1198.6,584.4,1877.7,1483.8,10430.3,2238.44,1801.85,369.289,67.301,3164.317,1312.878,1851.438,-523.6,1972.1,2495.7,-420.8,11453.4,2383.297,1859.421,462.52,68.909,3512.905,1422.256,2090.152,-382.6,1983.8,2366.4
2011q1,15351.4,15574.3,15898.74916,16920.6,17160.5,17523.89848,12242.9,154.8987146,113.1313357,64.47855428,5.010422553,-3.442718399,12884.17088,95.89575963,84.65434349,94.97553444,63.9622966,0.329,91.835,90.523,90.7857933,222.0436667,223.1566667,127.9166275,395.2933333,90.71,113.2,93.82,93.71,93.53666667,4.183333333,177.11,157.8712647,9.033333333,153.8155498,153.2843333,64.00845655,64.17553433,139.6611569,139.4276667,131.0583333,94.263,87.739,240.2416565,238.8516667,113.2638078,3.46,0.126666667,0.156666667,15358.9,13138.2,8170.1,6577.3,3518,66.9,1114.3,489.1,1215.2,632.5,1720.2,1323.4,10558.2,2205.962,1805.118,368.767,32.078,3155.768,1305.974,1849.794,-568.5,2040.4,2608.9,-476.6,11497.1,2338.901,1857.309,460.953,29.124,3469.798,1402.162,2067.272,-377.1,2000.8,2378
2011q2,15557.5,15780,16064.32566,17035.1,17272.2,17590.06229,12373.6,155.1398461,113.3819759,64.41431223,5.001083905,-3.154976276,12945.25591,95.99916549,85.08388203,95.20949287,64.19632379,0.329,92.738,91.053,91.41697877,224.5683333,224.1996667,129.3198214,398.6126667,91.363,113.7,108.7933333,108.1933333,102.23,4.36,175.59,153.5067382,9.066666667,153.760979,153.456,63.79839148,64.12274984,139.7870519,139.5313333,131.744,94.321,88.621,240.8491054,239.316,113.4140121,3.21,0.046666667,0.093333333,15573.1,13249.2,8206.4,6608.2,3595.8,60.7,1151.2,501.4,1217,665.5,1842.8,1443.9,10673,2297.352,1862.009,374.296,61.047,3168.261,1312.725,1855.536,-581.1,2116.1,2697.2,-477.9,11509,2434.538,1905.711,466.179,65.52,3446.079,1396.76,2048.802,-352.1,2034.7,2386.9
2011q3,15647.7,15893.5,16223.60892,17031.3,17292.8,17658.13191,12382.9,155.3792225,113.6453873,64.34977896,4.990592683,-3.54982006,13008.22004,96.10317941,85.53941244,95.44402762,64.43874823,0.329,93.167,91.468,91.81058743,226.0326667,225.7326667,129.997144,401.376,91.84,114.2,101.9966667,100.59,89.71666667,4.12,176.12,155.2490812,9,154.1773358,153.7263333,63.86566633,64.0870857,140.2612644,139.883,132.154,94.147,88.851,241.4556083,239.871,113.5820644,2.426666667,0.023333333,0.083333333,15700.3,13392.6,8287.3,6681.6,3676.1,65,1187.1,510.1,1197.4,716.5,1872.3,1447.1,10755,2322.84,1953.756,381.117,-12.033,3136.922,1288.651,1848.272,-567.1,2156.8,2723.9,-436.4,11544,2445.296,1995.353,474.579,-14.852,3396.917,1366.393,2030.405,-350.6,2062.7,2413.3
2011q4,15842.3,16102.8,16307.91884,17222.6,17499.4,17728.78705,12559.6,155.6200715,113.9235246,64.28644464,4.978946943,-2.855170214,13073.68679,96.21826271,86.01922742,95.67914012,64.68558967,0.329,93.475,91.794,92.21935618,227.0473333,226.9366667,130.6131287,405.683,91.951,114.7,105.3933333,104.5133333,94.01333333,3.323333333,176.43,162.5619925,8.633333333,154.5041789,154.028,63.87430039,64.06319753,141.2565633,140.6986667,132.7103333,94.6,89.687,242.0635647,240.4313333,113.9010353,2.046666667,0.013333333,0.073333333,15863.8,13458.4,8240.9,6637.6,3775.5,63.1,1205,525.6,1234.6,747.2,2014.5,1585,10809.2,2504.095,2008.976,391.162,103.956,3130.765,1291.701,1839.065,-601.8,2150.1,2751.9,-450.4,11563.9,2633.829,2046.64,486.889,97.693,3394.613,1371.48,2022.796,-366.7,2078.4,2445
2012q1,16068.8,16315,16471.39862,17367,17626.3,17802.12461,12716.8,155.8625921,114.2167878,64.22469983,4.966158486,-2.444228517,13141.71743,96.34589953,86.52510924,95.91483178,64.93604969,0.329,94.094,92.373,92.71370239,228.326,228.1296667,131.3841512,409.1803333,92.495,115.3,108.11,107.6033333,102.8766667,2.446666667,177.21,161.1961155,8.266666667,154.9183099,154.6003333,63.82488622,63.76954468,142.0071561,141.826,133.5003333,95.077,90.354,242.6869046,242.436,114.3009617,2.036666667,0.066666667,0.103333333,16274.8,13720.4,8456.4,6836.3,3863.9,59.5,1238.2,526.8,1282.4,757,2078.6,1660,10959.3,2567.75,2073.366,414.107,80.278,3144.024,1296.091,1847.934,-602.3,2190,2792.3,-467.3,11647.3,2692.179,2099.256,516.345,77.751,3380.162,1371.423,2008.214,-353.3,2103.7,2457.1
2012q2,16207.1,16435.2,16609.39832,17444.5,17683.7,17877.5135,12799.6,156.0932773,114.5309639,64.15949754,4.95225307,-2.422112567,13211.54003,96.47657447,87.05462441,96.15110403,65.19263672,0.329,94.321,92.755,93.20749265,228.808,229.2506667,131.6872977,413.2093333,92.881,115.8,101.3266667,101.6033333,93.42666667,2.28,179.97,164.5316696,8.2,155.2532581,154.8313333,63.76123534,63.72490242,142.5064285,142.1653333,133.9233333,95.572,90.471,243.3081547,242.9683333,114.2562684,1.823333333,0.086666667,0.153333333,16379.7,13851.9,8503.8,6876,3930.1,59.2,1249.5,532.5,1304.5,784.4,2063.7,1662.6,11005.1,2636.863,2126.171,419.287,91.406,3130.438,1288.592,1841.846,-565.2,2215.6,2780.8,-445.7,11667.8,2752.614,2146.704,520.771,89.453,3362.33,1360.498,2001.428,-341.8,2124.5,2466.2
2012q3,16319.5,16548.8,16772.06306,17469.7,17709.2,17954.15975,12835.3,156.3107269,114.861981,64.09070777,4.937270399,-2.69831481,13282.84526,96.60823481,87.59738427,96.38795831,65.45516814,0.329,94.595,93.023,93.70814216,229.841,230.2873333,132.06213,417.6706667,93.459,116.3,97.28333333,97.50333333,92.18,2.883333333,182.15,163.9961036,8.033333333,155.4352566,154.957,63.73187892,63.62065001,142.9834775,142.5423333,134.3373333,95.291,90.992,243.9045112,243.564,114.7822337,1.643333333,0.103333333,0.143333333,16329.3,13811.8,8546.1,6906.1,3848.7,61,1225.8,536.1,1232.3,793.5,2047,1644.6,11059.4,2644.119,2125.95,433.74,84.429,3139.112,1293.789,1845.323,-523.1,2227.7,2750.8,-397.9,11691.4,2759.86,2139.633,534.146,85.498,3357.201,1363.348,1993.353,-342,2137.5,2479.5
2012q4,16420.4,16647.7,16929.60563,17489.9,17726,18032.27141,12861.1,156.522086,115.2059231,64.02120147,4.921263872,-3.007781985,13355.40852,96.74408382,88.14865393,96.62539604,65.72033024,0.329,95.126,93.435,93.86391862,231.3693333,231.3596667,132.7879186,419.6333333,93.869,116.7,97.56333333,97.28666667,87.96,3.4,184.9,161.8422405,7.8,156.064073,155.5066667,63.88871057,63.68812858,143.9617541,143.3646667,134.8556667,94.932,91.519,244.5007049,244.169,114.881034,1.706666667,0.086666667,0.16,16646.7,14287.1,8763.2,7094.2,4109.1,64.2,1242.3,542.6,1268,992,2041.7,1642.3,11165.7,2638.282,2148.622,460.926,28.734,3132.308,1269.569,1862.739,-515.9,2237.5,2753.4,-385.1,11738,2736.423,2162.912,561.974,24.013,3324.137,1336.152,1987.819,-316.6,2139.5,2456.1
2013q1,16648.2,16864.1,17072.70082,17662.4,17885.5,18112.76119,13010.2,156.733074,115.5643843,63.95289307,4.904300112,-2.486430359,13429.21078,96.88642108,88.70863359,96.86341867,65.9864179,0.329,95.459,93.799,94.26920686,232.2993333,232.5306667,133.2357487,421.9346667,94.204,117.4,98.75,101.1533333,94.33666667,3.496666667,188.74,162.9571917,7.733333333,155.8397469,155.36,63.56934834,63.45662137,143.7164717,143.3233333,135.497,95.397,92.128,245.0796098,244.8286667,114.9449129,1.95,0.086666667,0.143333333,16711.5,13904.9,8732.6,7043.9,3859.5,93.1,1246.5,562.3,1211,746.6,2060.2,1672.8,11277.7,2746.42,2175.318,485.878,85.223,3123.454,1240.079,1883.375,-499.3,2255.9,2755.3,-381.2,11814.3,2845.38,2196.264,583.345,75.942,3293.099,1305.953,1987.201,-303.4,2150.6,2454
2013q2,16728.7,16957.7,17186.60043,17709.7,17946.3,18194.4525,13030.7,156.9403028,115.9323143,63.88354745,4.886458246,-2.664287378,13503.95682,97.03189625,89.27049801,97.10202763,66.25421281,0.329,95.508,94.064,94.21010116,232.045,233.0593333,133.2020627,423.209,94.474,118,97.37333333,99.44666667,94.1,4.01,192.48,164.9203619,7.533333333,156.0835728,155.5596667,63.49850445,63.39972014,144.2474402,143.8386667,136.0823333,95.16,92.504,245.6525161,245.3633333,115.2851399,1.996666667,0.05,0.116666667,16848.8,14037.1,8819.6,7103,3904.3,95,1269.1,576.3,1192.9,771,2060.5,1665.6,11315.7,2780.242,2188.629,508.92,82.693,3131.143,1232.561,1898.582,-498.4,2261.4,2759.8,-376.7,11848.1,2882.489,2207.605,603.035,79.526,3288.858,1295.886,1993.083,-319.5,2170.1,2489.6
2013q3,16953.8,17194.3,17349.22606,17860.5,18108,18277.0737,13176.3,157.1484133,116.3045386,63.81410039,4.86782899,-2.279214397,13579.45834,97.18210296,89.84913031,97.34122436,66.52166807,0.329,95.901,94.434,94.57197411,233.3,234.3053333,133.7664371,426.822,94.989,118.4,103.07,105.25,105.8433333,3.56,195.47,167.0616326,7.233333333,156.1852987,155.6303333,63.42544048,63.27439445,144.8786566,144.336,136.6193333,95.837,92.876,246.24672,245.961,115.466313,2.71,0.033333333,0.083333333,16947,14123.6,8845.6,7112.9,3949.8,93.2,1269.9,588.6,1199.1,799,2084.8,1676.1,11408.4,2892.354,2230.759,524.946,136.649,3135.192,1219.64,1915.551,-482.1,2285.1,2767.2,-352.5,11896.3,2998.991,2248.212,613.966,137.289,3272.825,1277.807,1995.116,-318.8,2188.7,2507.5
2013q4,17192,17427.6,17521.6938,18016.1,18257.2,18361.5977,13340.8,157.3651362,116.6814845,63.74707387,4.848513515,-1.881632005,13656.772,97.34029061,90.45098502,97.58101033,66.79168451,0.329,96.254,94.842,94.98422538,234.1626667,235.3463333,134.1579156,428.5643333,95.477,119.1,92.92333333,96.01666667,97.34333333,3.84,197.43,165.9061364,6.933333333,155.7392538,155.04,63.14870423,62.88014082,144.9393557,144.2646667,137.2433333,96.761,93.138,246.8410474,246.5643333,115.4367808,2.746666667,0.063333333,0.086666667,17134.7,14209.5,8942.5,7196.3,3941.1,68.8,1271.3,587.6,1203.4,810,2119.1,1714.8,11551.2,2934.291,2290.541,526.407,117.343,3140.517,1217.254,1923.263,-434,2349.2,2783.3,-294.4,12001,3027.805,2302.178,604.215,121.413,3247.579,1256.027,1991.643,-275.6,2251.8,2527.3
2014q1,17197.7,17435.2,17670.98578,17954,18195.7,18448.09938,13280.8,157.5947344,117.0603793,63.68392104,4.82862213,-2.678321303,13736.29413,97.50715019,91.06554365,97.82138697,67.06564322,0.329,96.696,95.141,95.25091233,235.621,236.257,134.9223104,431.1123333,95.84,119.4,94.31333333,97.67666667,98.74666667,5.186666667,199.82,168.4712611,6.666666667,156.2139862,155.621,63.12163526,62.9825243,145.8428255,145.3106667,137.7526667,95.957,93.496,247.4566571,247.086,115.7394556,2.763333333,0.046666667,0.073333333,17313.4,14460.2,9114.2,7358.6,4011.7,66.6,1282.8,595,1221.7,845.6,2056.2,1650.3,11646,2922.765,2335.499,535.27,51.995,3139.06,1212.935,1926.125,-510.1,2343.6,2853.7,-371.6,12044.2,2998.148,2339.393,601.624,58.313,3233.646,1254.936,1978.79,-329.7,2230.2,2559.9
2014q2,17518.5,17746.9,17855.65873,18185.9,18417.1,18535.90342,13508.5,157.8295256,117.4425593,63.62173939,4.808272806,-1.8882458,13817.04626,97.67781515,91.70598882,98.06235575,67.34203735,0.329,97.129,95.557,95.6843074,236.8723333,237.4793333,135.6961516,434.2363333,96.343,120.2,98.68333333,101.09,103.3466667,4.586666667,201.53,166.6320252,6.2,156.3798922,155.5866667,62.99557796,62.83156655,146.5736071,145.913,138.5526667,96.579,94.486,248.0744055,247.625,116.0300039,2.623333333,0.033333333,0.093333333,17652.7,14691.4,9172.4,7409.4,4136.7,79.7,1297,599.1,1248.8,912.1,2226.8,1832.1,11810.5,3059.096,2407.208,554.134,97.753,3154.366,1210.985,1943.38,-505.4,2395.2,2900.6,-345.3,12159.9,3121.321,2406.416,621.366,92.815,3238.033,1247.703,1990.341,-339.9,2278.4,2618.2
2014q3,17804.2,18056.2,18016.1538,18406.9,18661.6,18626.02877,13733.1,158.070083,117.8339911,63.5611443,4.787589555,-1.176465304,13899.71218,97.85251766,92.36198551,98.30391811,67.62398814,0.329,97.394,95.915,96.08875086,237.4783333,238.462,135.9132866,436.332,96.762,121.1,93.78666667,96.36333333,97.78,3.936666667,203.72,168.3363414,6.066666667,156.8243508,156.059,63.04399408,62.8680351,147.2909005,146.569,139.3016667,97.406,95.241,248.6893426,248.2326667,116.3165668,2.496666667,0.026666667,0.09,17928.9,14888.9,9280.6,7503,4196.2,64.6,1317.3,600.3,1273.3,940.7,2286.5,1864.9,11959.8,3142.047,2465.578,572.535,103.934,3191.749,1230.648,1961.101,-489.4,2399.2,2888.5,-356,12280.1,3193.152,2458.452,630.798,106.049,3259.9,1262.053,1997.887,-335.4,2287.8,2623.2
2014q4,17912.1,18134.8,18123.16832,18500,18724.5,18717.99587,13824.5,158.3198446,118.2289935,63.50388001,4.7667007,-1.16463255,13983.97108,98.03325897,93.02959756,98.54607553,67.90848679,0.329,97.265,96.175,96.27898888,236.8883333,239.411,135.5502576,439.5433333,96.8,121.8,71.48333333,73.78333333,73.16,3.763333333,206.33,176.8174548,5.7,157.3155564,156.4143333,63.16618368,62.85671803,148.3150758,147.482,140.0836667,97.075,96.203,249.3238149,248.8426667,117.3902314,2.28,0.023333333,0.1,18101.3,15095.9,9433.5,7634.3,4239.1,63,1308.8,599.7,1297.8,969.8,2281.8,1884.5,12081.6,3172.016,2492.333,594.197,85.485,3189.253,1213.721,1975.532,-530.8,2376.2,2907,-427.5,12421.6,3203.351,2479.937,653.415,83.22,3257.472,1243.057,2014.353,-385.3,2306.7,2692
2015q1,18063.5,18286.3,18204.02842,18666.6,18891.8,18811.82035,13974.7,158.5799492,118.6267271,63.45076503,4.745737066,-0.771963308,14069.68895,98.2206154,93.70613511,98.78882947,68.19441715,0.329,96.829,96.336,96.34995885,235.355,240.246,134.4464881,441.7983333,96.742,122.6,46.38,47.97,48.54,2.876666667,209.17,189.1533495,5.533333333,157.2441523,156.7723333,62.90016001,62.73385959,148.5684846,148.106,140.7726667,97.637,96.688,249.9325002,249.9006667,117.5536924,1.966666667,0.026666667,0.11,18212.9,15286.1,9563.8,7746.2,4267.1,52.7,1303.4,588.8,1309.5,1012.7,2240.4,1847.9,12119.8,3282.283,2497.171,609.87,175.242,3187.915,1216.238,1971.677,-526.4,2299,2825.5,-418.9,12516.9,3314.895,2481.11,666.289,169.373,3277.17,1248.048,2029.059,-443.6,2288.5,2732.1
2015q2,18279.8,18491.8,18401.23218,18782.2,18995.4,18906.96961,14082,158.8425955,119.0295938,63.39863351,4.724830115,-0.659913323,14156.2609,98.40962359,94.38213914,99.0321814,68.48224102,0.329,97.312,96.765,96.74953354,236.96,241.6993333,135.43472,446.2983333,97.302,122.8,56.00666667,57.42666667,57.84666667,2.73,211.86,190.5610797,5.433333333,157.9096735,157.2576667,62.96010354,62.78720335,149.2453504,148.7146667,141.481,98.117,96.954,250.5353466,250.4613333,117.7293199,2.166666667,0.02,0.123333333,18381.1,15431.7,9666.2,7830.8,4284.1,55.4,1284.5,603.1,1351.9,989.2,2219,1831.7,12264.1,3291.104,2510.545,629.311,151.248,3234.067,1222.387,2011.68,-509.5,2300.4,2810,-405.4,12603.1,3328.049,2498.351,684.076,145.308,3309.301,1251.919,2057.326,-458.9,2294.6,2753.5
2015q3,18401.6,18614.8,18543.71409,18857.4,19071.3,19003.0342,14139.3,159.1093032,119.4338346,63.34793132,4.704110071,-0.766373395,14243.29796,98.60109166,95.04947787,99.2761328,68.76949141,0.329,97.565,97.077,97.02069177,237.855,242.8993333,135.8066061,447.071,97.536,123.6,45.59,47.58333333,46.41666667,2.746666667,214.44,197.3251511,5.1,157.5929326,156.9673333,62.73422945,62.51213001,149.5723853,148.9456667,142.1303333,98.392,97.076,251.1479677,251.099,117.8941509,2.22,0.04,0.136666667,18460.8,15546.5,9751.7,7903,4306.6,58.2,1294.1,606.4,1358.4,989.5,2171.7,1779,12382.5,3303.66,2521.879,654.93,126.851,3253.554,1222.398,2031.156,-538.1,2260.7,2798.8,-454.2,12691.8,3335.27,2513.595,705.645,120.301,3326.769,1250.784,2075.918,-496.2,2276.1,2772.3
2015q4,18435.1,18667.8,18638.00663,18892.2,19126.4,19100.13772,14154.4,159.3845116,119.8368494,63.30050207,4.68370406,-1.088671324,14330.74349,98.79764085,95.71127575,99.52128755,69.05404518,0.329,97.49,97.319,97.19688541,237.837,244.1853333,135.7442776,451.8793333,97.527,124.3,38.08,40.61,41.95,2.096666667,217.45,200.5603629,5.033333333,158.3150942,157.555,62.93240142,62.58606718,150.341541,149.6123333,142.8213333,97.787,97.782,251.7642685,251.7413333,117.9454173,2.19,0.123333333,0.16,18497.2,15630.6,9816,7958,4316.9,55.5,1287,607.2,1371.1,996.1,2061.5,1653,12423.4,3276.879,2500.42,669.31,107.15,3258.142,1230.084,2028.059,-523.2,2222.3,2745.5,-413.8,12743.4,3315.334,2502.473,716.639,99.571,3341.055,1260.182,2080.801,-507.1,2273,2780.1
2016q1,18525.9,18740.6,18717.53101,19001.7,19217.6,19198.25267,14251,159.6690118,120.2378123,63.25720401,4.663734294,-1.023804974,14418.62423,98.99963728,96.36755453,99.76644378,69.33574662,0.329,97.538,97.726,97.53971087,237.6893333,245.4593333,135.4685477,456.2796667,97.468,125.1,28.79333333,30.78,33.18333333,1.98,220.17,205.0188041,4.9,159.0495585,158.6996667,63.00749,62.8312803,151.2477618,150.9366667,143.4263333,98.205,98.03,252.4023888,252.5806667,118.2285735,1.92,0.286666667,0.36,18592.1,15707.7,9851.7,7992.7,4336,38.8,1297.1,612,1381.2,1006.9,2152,1757.8,12523.2,3244.317,2488.836,693.163,62.318,3270.141,1229.649,2040.492,-511.7,2182,2693.6,-428.1,12839.6,3301.09,2504.57,739.045,62.384,3371.646,1261.134,2110.487,-510.3,2266.5,2776.8
2016q2,18711.7,18927.4,18941.19512,19062.7,19278.4,19296.50006,14296.4,159.9495668,120.6411524,63.213919,4.644316344,-1.211618997,14506.21922,99.1987536,97.01420107,100.0122039,69.61695077,0.329,98.157,98.262,98.00555099,239.5903333,247.076,136.4347479,460.6073333,98.108,126,40.30333333,42.18333333,45.40666667,2.13,223.34,199.0459003,4.933333333,159.4603643,158.964,62.99869105,62.78695,151.5575661,151.143,143.967,98.267,98.281,253.0432297,253.18,118.7915448,1.753333333,0.256666667,0.373333333,18630.4,15785.8,9905.2,8039.2,4344.4,39.5,1294.5,619.1,1377.7,1013.6,2111.6,1708.7,12665.1,3246.381,2511.643,704.254,30.484,3289.566,1229.983,2059.583,-489.4,2221.9,2711.3,-397.2,12903.3,3287.033,2525.941,741.346,19.192,3369.042,1254.81,2114.243,-496.3,2284.1,2780.4
2016q3,18892.6,19112.5,19085.76747,19197.9,19417.1,19394.18901,14415.7,160.2224343,121.0454022,63.17064487,4.625557515,-1.012102178,14593.08358,99.39255157,97.65653421,100.2585695,69.89726882,0.329,98.496,98.689,98.71347056,240.6073333,248.3646667,136.8541932,467.7583333,98.372,126.6,41.18333333,42.89666667,44.85,2.85,226.66,201.221474,4.9,160.0586859,159.49,63.09125977,62.82720451,152.2671302,151.698,144.7163333,98.603,98.761,253.648636,253.855,119.2514685,1.563333333,0.296666667,0.396666667,18800.9,15940.6,9998.5,8119.3,4397.7,36.1,1319.8,619.9,1388.6,1033.3,2141.3,1731,12797.1,3261.571,2543.679,712.569,5.324,3315.171,1241.299,2073.872,-481.2,2270,2751.2,-392.8,12993.1,3301.079,2564,739.347,-3.687,3383.696,1261.434,2122.261,-479.5,2321.1,2800.7
2016q4,19089.4,19364.6,19274.30652,19304.4,19578.5,19491.38908,14526,160.4882228,121.4505883,63.12878344,4.607555373,-0.959342015,14679.50326,99.58129996,98.30435839,100.5055419,70.17792851,0.329,98.947,99.028,99.14056448,242.1346667,249.5143333,137.7286297,470.0673333,98.884,127.3,44.42666667,46.52333333,49.13666667,3.01,230.17,208.2425572,4.766666667,160.3719966,159.5963333,63.11114193,62.70129897,152.7288199,151.968,145.219,99.271,98.849,254.2353485,254.5343333,118.9012402,2.13,0.43,0.45,18984.7,16116.5,10109.1,8213.7,4455.6,29.8,1341.3,623.9,1404.5,1056.1,2172.4,1700.1,12922,3360.952,2571.821,730.983,58.147,3337.245,1248.481,2088.764,-530.8,2268.3,2799.1,-387.3,13060.1,3391.749,2584.602,748.925,55.55,3389.649,1262.501,2127.153,-537.2,2303.8,2841
2017q1,19280.1,19552.4,19469.27092,19398.3,19667.9,19588.63066,14600.5,160.7471874,121.8598657,63.08919852,4.590396422,-0.971638437,14765.96487,99.76505961,98.96124812,100.7531227,70.46124957,0.329,99.524,99.488,99.46615395,243.8386667,250.803,138.5819024,472.7693333,99.389,128.2,48.01,49.96,51.76666667,2.986666667,233.1,209.431864,4.566666667,160.8167147,159.872,63.09887387,62.88050219,153.4398195,152.5656667,145.815,99.432,99.195,254.809292,254.2473333,119.6166544,2.443333333,0.59,0.7,19237,16357.3,10224.3,8311,4578.9,45.4,1364,633.9,1452.9,1082.7,2190.2,1721.1,13097.3,3363.101,2603.148,753.643,6.311,3353.096,1249.09,2104.006,-533.4,2339.7,2873.1,-359.2,13160.5,3382.703,2610.431,766.457,7.021,3380.244,1257.161,2123.095,-525.1,2359.9,2885
2017q2,19438.6,19702.8,19616.9463,19506.9,19767.4,19685.87294,14700.8,160.9908569,122.279447,63.04888229,4.574154984,-0.909144054,14852.94967,99.93848675,99.64001198,101.0070436,70.75333519,0.329,99.724,99.821,99.70392728,244.12,251.4676667,138.4909923,473.4933333,99.656,129,46.23666667,47.73,48.24,3.04,237.12,204.5935625,4.366666667,161.3186634,160.2016667,63.1827311,62.88073457,154.2037995,153.214,146.379,99.485,99.823,255.363548,254.7706667,119.457511,2.263333333,0.89,0.95,19405.9,16551.1,10335.9,8402.1,4666.6,44.2,1375.5,634.3,1461.3,1151.3,2188,1723.6,13188.7,3432.968,2640.229,767.212,25.528,3370.444,1259.855,2110.589,-553.5,2349.7,2903.2,-428.2,13225.7,3435.929,2639.796,770.751,26.048,3389.811,1263.907,2125.901,-544.6,2367.9,2912.4
2017q3,19692.6,20001,19815.81621,19660.8,19964,19783.81724,14854,161.2200771,122.7131112,63.00818016,4.55889227,-0.621807416,14940.5116,100.1020318,100.3395036,101.2631086,71.05416709,0.329,100.076,100.123,100.1664606,245.287,252.444,139.0299985,476.8893333,100.174,129.9,47.61333333,48.42333333,48.16333333,2.93,240.71,196.3338812,4.333333333,161.8011273,160.7293333,63.2169696,62.94307309,154.8654212,153.786,146.8993333,100.294,100.05,255.8942609,255.3566667,119.7966605,2.243333333,1.036666667,1.153333333,19601.6,16747.2,10478.4,8518.3,4704,36.9,1387,643.8,1469.4,1166.9,2236.7,1718,13325.1,3500.142,2668.855,776.428,54.859,3398.886,1264.582,2134.304,-531.5,2384.5,2916,-349.7,13315.4,3493.166,2665.246,771.325,55.486,3394.009,1263.116,2130.886,-541.8,2381.8,2923.6
2017q4,20037.1,20364,20037.43556,19882.4,20220.9,19882.73297,15057.1,161.4390351,123.1593893,62.96839269,4.544655687,-0.00167467,15028.84669,100.258235,101.0592363,101.5213781,71.36291409,0.329,100.676,100.568,100.6634581,247.2383333,253.8953333,140.0300303,478.1176667,100.78,130.8,55.04666667,56.65,55.36666667,2.886666667,244.33,198.6558871,4.166666667,161.7849014,160.4743333,63.1022951,62.69965513,155.0859149,153.7726667,147.3486667,101.031,100.678,256.392835,255.9413333,120.5151708,2.37,1.206666667,1.203333333,19932.2,16995.5,10658.9,8666.3,4777.1,37.5,1424,656.2,1483.1,1176.3,2286,1742.7,13551.4,3574.446,2732.168,798.28,43.998,3466.137,1290.69,2175.447,-554.9,2479.1,3034,-374.9,13460.9,3558.859,2728.927,787.03,42.14,3424.498,1280.033,2144.464,-561.9,2443.5,3005.4
2018q1,20328.6,20643.4,20266.9452,20044.1,20367.6,19983.30806,15194.1,161.6535052,123.6181549,62.93081578,4.531478359,0.304213604,15118.28891,100.4106399,101.8045661,101.7819127,71.67866068,0.329,101.38,101.208,101.1522246,249.3216667,255.7286667,141.0171138,481.825,101.428,132,58.18666667,61.93333333,62.88666667,3.043333333,248.85,193.8441651,4.033333333,162.1411543,161.4593333,63.12049792,62.84004769,155.6048849,154.9453333,147.998,101.36,101.264,256.8534752,256.937,120.8329038,2.76,1.56,1.446666667,20205,17204.7,10783,8762.5,4826,29.7,1442.5,663.5,1509.5,1180.8,2310.8,1772.4,13745.1,3645.635,2810.324,800.265,35.045,3513.876,1316.193,2197.683,-576,2517.3,3093.3,-391.9,13558.4,3612.936,2805.277,772.134,34.055,3431.709,1293.037,2138.736,-558.5,2459.3,3017.8
2018q2,20580.9,20884.4,20514.83984,20150.5,20460.8,20085.82133,15270.6,161.8632279,124.0913183,62.89393379,4.519378903,0.322011572,15209.08687,100.5590596,102.5698702,102.0447728,72.00272179,0.329,101.912,101.751,101.701057,250.679,257.058,141.6362238,484.7763333,102.14,132.8,64.65,67.22333333,68.03333333,2.82,251.73,198.7237384,3.933333333,162.68323,161.943,63.24879603,62.90123361,156.2323722,155.5753333,148.707,101.373,101.761,257.3318123,257.456,121.152215,2.92,1.84,1.736666667,20470.2,17407.2,10891,8843.4,4903.7,31.8,1447.7,669,1543.3,1211.9,2372.9,1846,13891.3,3662.727,2846.516,819.613,-3.402,3570.715,1334.726,2235.988,-543.8,2562.2,3106,-376.7,13631,3612.389,2837.057,777.417,0.466,3456.309,1302.317,2154.046,-549,2472.7,3021.7
2018q3,20798.7,21067,20709.49585,20276.2,20550.7,20189.23681,15382.1,162.0734883,124.5684104,62.85895341,4.508361434,0.43074034,15300.44407,100.7067677,103.3517498,102.3042883,72.32898242,0.329,102.254,102.076,101.8885511,251.6863333,257.986,142.1632515,484.8526667,102.586,133.9,66.26666667,69.08666667,69.75666667,2.9,254.93,203.3975492,3.766666667,162.7219222,162.0293333,63.09367197,62.78592455,156.5825083,155.8883333,149.219,101.668,102.206,257.8282784,258.0663333,121.3734601,2.926666667,2.04,1.923333333,20760.8,17648.3,11042,8969,4987.6,24.3,1475.5,679.8,1563,1245,2371.4,1868.8,14002.2,3788.692,2870.365,819.662,98.664,3626.086,1358.909,2267.176,-618.2,2535.5,3153.7,-484.5,13693.8,3722.248,2854.55,770.056,92.854,3483.628,1319.077,2164.692,-622.4,2441.8,3064.2
2018q4,20917.9,21192.6,20907.03571,20304.9,20584.6,20294.35409,15403.1,162.290282,125.0497186,62.8282288,4.498415801,0.051964757,15393.2055,100.8574964,104.141616,102.5647171,72.65873962,0.329,102.642,102.552,102.2412174,252.711,259.473,142.5397726,487.3623333,103.005,134.9,54.99666667,59.61,59.07666667,3.803333333,257.71,206.7961769,3.833333333,163.5654305,162.8813333,63.3166753,62.96066279,157.328062,156.643,149.6506667,101.485,102.53,258.31874,258.7033333,122.1291228,3.033333333,2.316666667,2.22,20936.3,17852.6,11113.5,9024.3,5107.4,42.6,1487,673.6,1602.2,1302,2405.5,1891.1,14099.2,3802.028,2898.677,808.027,95.324,3650.847,1375.352,2275.495,-634.2,2537.4,3171.6,-511.6,13736.6,3724.752,2880.391,754.59,89.813,3488.352,1325.345,2163.215,-644.3,2451.9,3096.2
2019q1,21111.6,21403.9,21080.79013,20431.6,20728.1,20401.78251,15537.3,162.5167122,125.5365201,62.8030078,4.48951807,0.146151411,15487.15462,101.0131974,104.9255134,102.8260601,72.98951741,0.329,102.851,102.964,102.5329448,253.3856667,261.173,142.9448769,490.5133333,103.332,135.8,55.83666667,57.18333333,54.82666667,2.916666667,260.84,205.0331574,3.866666667,164.0343464,162.9553333,63.38163649,63.06581283,157.7632736,156.6836667,150.1396667,102.339,102.561,258.7452085,258.3893333,122.4101682,2.653333333,2.386666667,2.403333333,21211.3,18152.7,11329.1,9222,5128.8,29,1504.9,674.4,1609.2,1311.3,2416.4,1875.4,14150.2,3850.77,2932.41,803.435,114.925,3702.934,1403.184,2299.75,-592.3,2540.2,3132.5,-463.2,13758.3,3755.53,2899.84,746.082,114.259,3536.6,1339.795,2197.011,-619.4,2474.9,3094.3
2019q2,21397.9,21690.9,21301.73215,20602.3,20898.3,20509.70779,15681.9,162.7466063,126.0223378,62.78070856,4.4816312,0.451455538,15581.22276,101.1700706,105.6890584,103.0883062,73.31898765,0.329,103.426,103.398,103.0021516,255.2473333,262.3176667,143.669395,494.5246667,103.855,136.8,62.87,63.59333333,59.78333333,2.563333333,263.89,206.6707119,3.633333333,163.9672267,162.835,63.30759265,62.90376788,157.9125467,156.8926667,150.6843333,102.968,102.883,259.1844799,258.8636667,122.3369966,2.333333333,2.3,2.396666667,21369.4,18292.7,11388.9,9273.3,5179.9,20.3,1515.3,682.8,1620,1341.5,2456.6,1906.5,14350.7,3903.996,3000.782,820.007,83.207,3761.243,1408.036,2353.207,-618,2547.4,3165.4,-477.3,13875.7,3790.049,2954.978,758.737,82.473,3584.587,1353.418,2231.325,-649,2462.4,3111.4
2019q3,21717.2,21996.9,21482.11517,20843.3,21126.2,20617.67498,15903.8,162.9802792,126.5041088,62.76200388,4.474705946,1.094328147,15674.67517,101.3283604,106.3794117,103.3510366,73.64351528,0.329,103.675,103.783,103.3450649,256.0893333,263.8483333,144.1867816,500.0286667,104.196,137.9,57.3,58.67666667,56.37,2.383333333,267.36,208.5378294,3.6,164.9875999,163.8186667,63.51533813,63.14520844,159.02464,157.899,151.1573333,104.128,103.176,259.6804831,259.4316667,122.7038515,1.796666667,1.98,2.19,21557.7,18417.4,11453,9329,5223.8,42,1528.9,690.2,1597.6,1365.1,2499.1,1968.1,14548.3,3939.599,3031.12,838.245,70.234,3814.837,1426.884,2387.952,-585.5,2532.4,3118,-446.5,14033.2,3819.94,2983.489,769.618,67.51,3625.512,1370.255,2255.377,-635,2462.9,3097.9
2019q4,21933.2,22195.8,21658.76093,20985.4,21251.2,20722.82028,16015.6,163.2170854,126.9647735,62.74825136,4.46868192,1.267104179,15764.80719,101.4877258,107.0377933,103.6135905,73.95067103,0.329,104.083,104.147,104.1032943,257.888,265.5126667,144.8108947,508.541,104.543,138.9,55.52,58,56.95666667,2.4,271.82,208.080583,3.6,165.715772,164.537,63.68088419,63.27972966,159.8132113,158.673,151.641,105.107,102.934,260.1939545,260.0153333,123.6073644,1.793333333,1.576666667,1.643333333,21793.4,18589.9,11615.4,9476.3,5244.3,43.8,1538.8,706.3,1587.3,1368.1,2513.1,2003.2,14701,3880.57,3010.301,846.813,23.455,3864.968,1439.895,2425.073,-513.4,2537.5,3050.8,-402,14125.3,3770.431,2970.305,772.063,25.3,3654.831,1377.757,2277.036,-561.9,2477.9,3039.8
2020q1,21751.2,22021.3,21873.76111,20709.2,20980.7,20825.88977,15716.8,163.4465486,127.4171278,62.73672732,4.463488835,-0.560311109,15852.91702,101.6417235,107.6759279,103.875665,74.25131378,0.329,104.445,104.617,104.539851,258.8176667,267.0466667,145.3360424,513.188,105.035,140.3,43.25333333,47.28,45.75666667,1.906666667,277.05,210.850424,3.833333333,165.2568803,163.801,63.41003274,63.09032878,158.7586583,157.525,151.7393333,104.618,101.415,260.6162987,259.6293333,124.441201,1.376666667,1.11,1.26,21753.4,18768.1,11779.8,9627.6,5234.8,42.6,1540.8,729.2,1551,1371.2,2252.5,1743.5,14503.1,3807.7,2965.479,877.327,-35.107,3942.036,1460.256,2481.779,-501.6,2430.9,2932.5,-379.3,13887,3676.274,2918.067,793.939,-39.853,3694.317,1392.352,2301.825,-544.8,2386.7,2931.5
2020q2,19958.3,20136.2,21891.42003,19078,19260.9,20925.85598,14226.8,163.6416007,127.8761384,62.7168,4.459047868,-8.830491723,15937.80144,101.7735975,108.2892663,104.1371992,74.55216536,0.329,104.017,104.42,105.2904283,256.292,265.669,143.84997,518.9296667,104.66,140.8,25.14666667,26.55666667,27.80666667,1.706666667,278.71,219.635408,13,159.2004763,158.1213333,61.00543167,60.80443814,139.1958736,137.5666667,133.7116667,109.707,87.539,260.9611503,260.049,126.7514742,0.686666667,0.143333333,0.06,19785.3,20198.2,11052,8998.2,5027,30.3,1399.2,736.2,1507.7,1353.6,2087.3,1673.1,13193.3,3270.187,2736.487,816.792,-283.091,4021.699,1567.691,2454.008,-526.9,1829.7,2356.6,-509.3,12685.3,3163.508,2681.079,738.889,-261.375,3773.803,1493.862,2281.635,-549.4,1886.4,2435.9
2020q3,21704.4,21912.4,22191.7606,20558.9,20769.8,21020.53901,15640.4,163.7998632,128.3306262,62.6854486,4.455273138,-2.196133088,16019.05738,101.8819496,108.8808763,104.398145,74.8525649,0.329,104.835,105.197,105.9047219,259.2216667,268.248,145.8885135,522.848,105.619,141.6,39.92666667,40.77,40.89333333,1.993333333,289.21,210.8922183,8.8,161.1105292,160.3373333,61.65717727,61.53621783,147.6258547,146.2146667,140.6146667,111.468,94.755,261.3005271,260.5576667,126.7397855,0.65,0.113333333,0.093333333,21278.9,19851.7,11570.4,9434.5,5319,48.8,1661.9,752.5,1486.9,1368.9,2765.9,2331.7,14479.2,3911.004,2852.508,950.812,107.683,4001.844,1528.69,2473.154,-687.6,2116.8,2804.4,-648,13813.7,3755.526,2796.634,840.325,116.007,3709.59,1448.448,2262.264,-721.8,2115.8,2837.6
2020q4,22087.2,22277.6,22432.14638,20791.9,20985.5,21116.61706,15853.4,163.9627505,128.7891121,62.65524742,4.452073269,-1.537732375,16099.60482,101.9926821,109.4598082,104.6588618,75.14726514,0.329,105.369,105.669,105.9313704,261.0916667,269.876,146.7439311,520.4586667,106.278,142.8,40.76666667,42.03,42.45333333,2.526666667,302.09,204.5841379,6.766666667,161.4027504,160.7923333,61.68377537,61.58738062,149.5092754,149.9466667,142.58,110.615,96.82,261.6615948,261.08,125.5878192,0.863333333,0.093333333,0.09,22201.3,19708.6,11990.4,9801.2,5410.8,82.5,1592,755.7,1478,1502.6,2540.5,2116.7,14749.8,4064.655,2938.775,1037.253,88.626,4030.804,1541.617,2489.187,-758.1,2278,3036.1,-721.9,14001.4,3878.929,2875.442,899.614,89.407,3713.073,1449.907,2264.419,-807.1,2242.3,3049.4
2021q1,22680.7,22861.6,22825.68359,21082.1,21265,21216.86474,16133.2,164.1492276,129.2535155,62.62930133,4.45285299,-0.635177433,16183.041,102.1139536,110.0587331,104.9341685,75.44700763,0.329,106.567,106.572,107.0140651,263.6863333,270.8816667,148.2962247,523.0573333,107.629,144.5,55.05,57.25666667,57.79,3.56,313.01,201.1701402,6.233333333,161.505662,160.224,61.61912699,61.40638653,151.4406863,150.2283333,143.527,111.429,97.807,262.1031325,260.924,126.1460656,1.316666667,0.05,0.08,22666.1,22224.8,12089.5,9878.6,5543.8,49.1,1650.7,754.4,1476.5,1613.1,2840.4,2418.6,15255.4,4058.943,3002.811,1082.366,-26.234,4155.388,1616.738,2538.65,-789,2393,3182.1,-773.7,14319.6,3849.329,2939.916,911.81,-10.347,3765.689,1509.22,2259.491,-859.7,2247.4,3107.1
2021q2,23425.9,23553.4,23296.30809,21440.9,21572.7,21322.2891,16454,164.3645014,129.7256337,62.60723982,4.449789766,0.556276584,16271.09345,102.2573622,110.7392764,105.2167509,75.75113249,0.329,108.184,108.087,107.3973353,268.5796667,275.5636667,150.5150052,523.814,109.276,145.8,64.51666667,66.03333333,66.09,2.943333333,327.14,199.5502143,5.933333333,162.389535,160.9466667,61.84992348,61.61416243,153.058718,151.45,145.157,111.448,99.599,262.5541405,261.217,126.3293606,1.593333333,0.026666667,0.07,23341.8,21117.1,12403.9,10170.7,5840.6,93.5,1755.5,770,1477.8,1743.8,3136.2,2771.6,16027.6,4049.667,3078.401,1110.816,-139.549,4174.293,1597.377,2576.916,-825.6,2522.8,3348.4,-854.1,14820,3799.029,3010.859,901.698,-120.79,3721.606,1475.607,2248.325,-904.3,2270.2,3174.4
2021q3,23982.4,24111.9,23779.94478,21617.8,21749.8,21435.30632,16598.6,164.6133162,130.2161138,62.58869244,4.447010417,0.85136959,16366.30392,102.4213991,111.4525536,105.5044733,76.07235897,0.329,109.655,109.369,107.6031101,272.8863333,279.129,153.0785491,524.753,110.966,148,68.3,70.32333333,70.62333333,4.356666667,341.87,202.3716218,5.066666667,162.7953685,161.5086667,61.90059257,61.73516843,154.6597399,153.2886667,147.239,110.808,101.018,262.9948466,261.6153333,127.129775,1.323333333,0.046666667,0.09,23960.8,21227.9,12703.8,10450.5,5953.1,87.4,1783,782.6,1467.2,1832.9,3165.1,2779.8,16380.7,4255.263,3096.193,1147.576,11.495,4219.865,1585.243,2634.621,-873.5,2581.3,3454.8,-934.4,14943.2,3937.3,2999.341,899.78,16.771,3693.852,1447.59,2247.634,-956.9,2268.6,3225.5
2021q4,24813.6,24979,24323.07765,21988.7,22150.9,21554.02108,16943,164.9026362,130.7075592,62.5732887,4.444417691,2.016695235,16466.30534,102.608996,112.1855795,105.7951589,76.39724586,0.329,111.484,110.792,108.1314132,278.7193333,283.427,155.9523349,529.4193333,112.862,149.9,73.59,76.42666667,77.44666667,4.773333333,354.81,206.1054151,4.2,163.3945121,162.1773333,62.0259043,61.89399712,156.0240657,155.368,149.1853333,111.599,102.514,263.4294718,262.0243333,127.4746292,1.536666667,0.053333333,0.08,24782.5,21425.9,13036.3,10760.1,6021.1,67.9,1787.6,799.9,1469.7,1896,3250.4,2821.2,16815,4622.306,3171.559,1188.973,261.775,4285.062,1618.234,2666.827,-908.8,2777.6,3686.4,-914.8,15086.9,4191.773,3022.081,905.828,207.912,3693.416,1459.694,2235.964,-984.6,2402.5,3387.1
2022q1,25250.3,25375.1,24957.9064,21932.7,22056.7,21678.72357,16848.2,165.2429598,131.1930238,62.56065811,4.441916779,1.171546988,16570.95808,102.8267924,112.9465638,106.0871279,76.71994916,0.329,113.582,112.453,109.34314,284.8446667,288.033,159.2650393,536.635,115.162,151.7,89.68,92.48333333,94.45333333,4.656666667,370.02,206.7466868,3.833333333,164.663411,163.9153333,62.3449827,62.24869299,158.1633069,157.6396667,150.7423333,110.212,103.273,264.1165397,263.3233333,128.0824772,1.94,0.306666667,0.12,25355.5,21633.5,13178.9,10892,6048.2,83.4,1752.6,818.6,1488.3,1905.3,3172.5,2768.8,17149,4814.294,3314.956,1216.177,283.161,4336.227,1608.997,2727.23,-1049.2,2865.2,3914.4,-1101.4,15100.9,4272.382,3110.067,889.761,227.358,3665.467,1428.925,2237.298,-1106.8,2377.5,3484.4
2022q2,25861.3,26026.5,25675.26081,21967,22123.2,21808.97535,16845.4,165.6334469,131.6701171,62.55043021,4.440466729,0.724585377,16680.5798,103.0732344,113.7275467,106.3806632,77.04282765,0.329,115.658,113.795,109.7246744,291.651,292.174,163.0246076,543.9036667,117.76,154,107.8233333,110.03,108.7233333,7.483333333,381.8,212.2224807,3.633333333,165.2365076,164.1003333,62.3983089,62.23205697,159.4154113,158.121,151.9653333,109.296,104.05,264.8092721,263.691,128.2872481,2.93,1.076666667,0.77,25911,21913.3,13293.8,10994.8,6185.8,98.9,1750.6,860.4,1537.6,1938.3,3380.6,2931.8,17606.6,4811.513,3438.72,1222.2,150.592,4439.375,1622.632,2816.743,-996.2,3093.7,4089.9,-1031.4,15224.4,4176.99,3163.406,863.934,114.446,3652.407,1415.382,2237.048,-1093,2451.7,3544.7
2022q3,26336.3,26512,26120.98337,22125.6,22289.1,21944.70862,16967,166.071263,132.1403127,62.54223451,4.438931749,0.824305222,16794.89014,103.3477781,114.5275568,106.6765524,77.36472737,0.329,116.986,115.231,110.6392504,295.5076667,296.6476667,165.244031,553.187,119.042,155.8,91.72666667,95.06333333,93.18333333,7.993333333,381.36,220.4272712,3.533333333,165.5337954,164.4273333,62.34738188,62.23970162,159.7094659,158.601,153.2826667,109.295,104.723,265.5024002,264.184,128.6012231,3.106666667,2.663333333,2.19,26428.7,22354.2,13611.6,11278.1,6342.2,98.6,1790.4,887.2,1592,1974,3477.1,3004.2,17893.1,4812.308,3547.608,1165.137,99.564,4486.473,1639.05,2847.423,-855.6,3129.1,3984.7,-938.4,15295.8,4105.292,3210.162,809.224,79.724,3667.845,1410.615,2256.321,-953.1,2538.9,3492
2022q4,26770.5,26913,26537.98572,22278.3,22412.9,22084.80257,17095.9,166.5546515,132.5979333,62.53570053,4.437232367,0.876156493,16913.90555,103.6494141,115.3304754,106.9756251,77.68622637,0.329,118.176,116.565,111.1050967,298.4983333,300.3766667,166.9790947,552.472,120.175,157.7,78.15333333,83.05,82.78666667,5.546666667,382.39,221.970591,3.566666667,165.9363842,164.7076667,62.33815257,62.22529773,159.7399502,158.8166667,154.153,110.02,104.973,266.1875231,264.6956667,129.4832193,3.83,4.04,3.653333333,26524.8,22714.2,13689.2,11326.2,6522.3,99.4,1801.7,918.3,1673.5,2029.4,3420.2,2947.7,18111.4,4939.217,3636.96,1110.626,191.632,4570.552,1691.32,2879.232,-850.6,3057.7,3908.3,-933.6,15326.2,4184.98,3265.979,762.082,160.565,3705.121,1441.575,2263.912,-944.5,2520.1,3464.6
2023q1,27216.4,27326.5,26961.55365,22439.6,22546.5,22229.48219,17216.9,167.086583,133.0416949,62.53045781,4.435296441,0.945221325,17037.19142,103.9800651,116.1260939,107.2784699,78.00364447,0.329,119.308,117.917,111.8636505,301.1916667,303.9683333,168.3054524,548.9623333,121.291,159.4,69.50666667,74.52,76.07666667,2.653333333,385.71,214.1342782,3.533333333,167.4514337,166.3243333,62.67884817,62.5008455,161.3859063,160.4746667,155.0123333,110.215,105.431,267.1578029,266.1153333,129.7621951,3.646666667,4.626666667,4.516666667,26980.5,23108.7,13888.3,11479.2,6742.7,96.9,1836.9,965.5,1750.7,2092.7,3524.3,3060.5,18487,4883.84,3756.575,1081.351,45.913,4640.498,1727.672,2912.826,-794.9,3085.5,3880.4,-917.5,15495.8,4108.542,3333.291,749.198,43.45,3742.908,1456.303,2286.973,-912.2,2543.5,3455.7
2023q2,27530.1,27633.2,27283.05141,22580.5,22681.4,22377.86795,17342,167.6542996,133.4762544,62.52613585,4.433509996,0.905502036,17163.30635,104.3313641,116.9049769,107.5846555,78.31645932,0.329,120.19,119.069,112.8326086,303.4243333,307.468,169.1491756,547.326,121.933,161.1,71.62,74.16333333,73.76,2.163333333,393.04,211.7650676,3.533333333,168.254232,166.8493333,62.75128077,62.57929493,162.3702007,160.9163333,155.624,111.133,105.178,268.1287616,266.6206667,130.1514873,3.593333333,5.073333333,4.99,27229.1,23461.5,14092.5,11641.6,6885.3,77.1,1854.5,998,1808.1,2147.6,3532.5,3052.8,18693.1,4961.052,3854.267,1089.199,17.586,4673.36,1738.797,2934.564,-797.5,3016.2,3813.7,-926.7,15553.7,4180.752,3421.757,756.909,16.981,3773.544,1456.106,2317.05,-928.1,2509.3,3437.4
2023q3,28074.8,28172.6,27689.55161,22841,22937.1,22527.57093,17574.4,168.2407412,133.9008065,62.52236418,4.431367881,1.391313203,17290.31278,104.6932359,117.6862193,107.8917094,78.62328816,0.329,120.999,119.768,113.4420645,306.0423333,309.7403333,170.6872829,547.9466667,122.923,162.8,81.02333333,82.50333333,82.29666667,2.59,401.64,211.6254079,3.666666667,169.0378838,167.543,62.81494468,62.69985517,162.7960649,161.3666667,156.1763333,112.424,105.244,269.1045652,267.2143333,130.3261231,4.15,5.29,5.26,27615.6,23735.3,14334.5,11836.2,6963.7,63.6,1879.5,1012.9,1850.8,2156.9,3648.8,3153.1,18961.8,5088.8,3871.644,1134.69,82.466,4789.733,1784.355,3005.378,-765.5,3082.1,3847.6,-916.8,15671.9,4275.527,3436.424,777.717,67.465,3821.238,1480.345,2340.858,-926.2,2536.7,3462.9
2023q4,28424.7,28456.5,27985.82065,23033.8,23076.2,22678.15652,17734.3,168.8287641,134.3263788,62.51877232,4.42882424,1.568220413,17417.90341,105.0550552,118.4726826,108.1992007,78.93068992,0.329,121.546,120.403,114.1820758,308.1583333,312.3453333,171.7224737,552.09,123.409,164.4,75.90666667,79.54666667,78.41,2.736666667,406.66,214.5717182,3.8,169.6505322,167.7563333,62.81606927,62.63810668,163.0945159,161.407,156.7036667,113.391,105.22,270.0750527,267.8183333,130.8128287,4.44,5.283333333,5.33,28117.4,24034.6,14514.3,11972.7,7094.6,47.8,1911.4,1033.6,1909.4,2192.4,3763.7,3310.6,19190.6,5161.154,3941.343,1150.941,68.87,4861.013,1811.976,3049.037,-788,3109.6,3897.7,-990.4,15789.7,4313.169,3482.993,780.626,61.893,3865.061,1492.761,2372.018,-934.1,2574.6,3508.8
2024q1,28708.2,28700.2,28393.34076,23082.1,23092.4,22828.94541,17743.3,169.4104984,134.7551989,62.51498979,4.425679657,1.108919332,17545.65304,105.4121387,119.2644015,108.5068637,79.24025945,0.329,122.622,121.588,114.9920787,310.9743333,315.5686667,173.0247141,557.492,124.366,166.2,72.69,76.38333333,77.56,2.13,411.09,212.1354022,3.833333333,170.6861062,167.5786667,62.98550649,62.59669919,163.9922341,161.2093333,157.279,113.845,105.143,270.9926707,267.7116667,131.076026,4.16,5.233333333,5.33,28468.4,24478.7,14739.7,12149.5,7176.4,51.6,1931.3,1069,1906.7,2217.8,3687.5,3243.8,19443.8,5155.029,3963.752,1175.809,15.467,4931.777,1834.259,3097.518,-822.5,3164.1,3986.6,-1065.6,15857.7,4296.251,3496.025,796.175,12.412,3887.055,1495.782,2390.721,-964.1,2603.6,3567.8
2024q2,29147,29135,28762.15345,23286.5,23293.7,22979.03339,17917.4,169.9723792,135.1927502,62.51064612,4.422157075,1.338031081,17672.68826,105.7561534,120.0614113,108.8150941,79.5543528,0.329,123.409,122.454,115.7033693,313.0956667,317.9973333,173.9335126,563.65,125.167,167.6,79.66666667,81.81666667,81.71333333,2.086666667,415.93,215.0079678,4,171.0500044,167.9306667,62.90761594,62.60214327,164.3746011,161.2713333,157.7926667,114.43,105.394,271.9066711,268.2506667,131.4294898,4.443333333,5.243333333,5.33,28861.1,24800.8,14943.7,12317.2,7236.6,52.5,1960.8,1069.7,1928,2225.6,3793.1,3343.4,19756.1,5290.171,4012.411,1180.094,97.666,4995.15,1867.53,3127.62,-894.4,3192.6,4087,-1152.8,16009.6,4381.983,3517.46,792.174,75.071,3919.17,1511.466,2407.341,-1032.2,2608,3640.2
2024q3,29511.7,29459.5,29069.62169,23478.6,23454,23126.89611,18087.9,170.4996081,135.6419312,62.50537082,4.418184956,1.520757011,17797.9647,106.0783273,120.8637472,109.1236277,79.8749602,0.329,123.93,123.168,116.3172586,314.1826667,319.869,174.5709296,565.26,125.715,168.9,74.65,76.88,76.24,2.116666667,419.91,215.9923786,4.166666667,171.6629359,168.5046667,62.92102441,62.67375834,164.5208818,161.482,158.1303333,115.241,105.587,272.8228561,268.86,132.0115403,3.946666667,4.99,5.263333333,29117.3,25021.7,15115.7,12458.4,7253.8,56.3,1975.4,1077.3,1930.2,2214.6,3755.7,3342.6,20032.8,5330.249,4069.186,1177.802,83.262,5086.922,1917.853,3169.069,-938.3,3256.5,4194.8,-1318.4,16165.8,4392.176,3547.627,782.472,69.426,3971.281,1542.942,2428.536,-1064.9,2664.3,3729.2
2024q4,29825.2,29864.3,29426.93427,23586.5,23634.6,23271.54169,18165.3,170.9771052,136.1091104,62.49879342,4.413737266,1.35340545,17920.83645,106.3696676,121.7010524,109.4348903,80.20610948,0.329,124.703,123.997,117.0143358,316.5386667,322.5343333,175.9201721,568.9656667,126.474,170.5,69.4,71.40333333,70.68666667,2.443333333,425.59,222.2662,4.133333333,171.9340955,168.4263333,62.81030988,62.50436052,164.681143,161.4333333,158.6396667,115.725,105.808,273.7354677,269.4633333,131.9458342,4.283333333,4.4,4.65,29560,25322.4,15309.1,12626.6,7319.6,71,1993.4,1096.7,1941.7,2216.8,3970.6,3446.9,20351.3,5261.83,4046.39,1197.65,17.789,5150.725,1949.968,3200.758,-938.7,3248.3,4186.9,-1182.6,16320.9,4315.564,3514.424,790.685,17.053,4003.781,1559.482,2444.686,-1069,2658.5,3727.4
2025q1,30042.1,30044.2,29871.72903,23548.2,23566.9,23414.65642,18124.4,171.4027759,136.6060515,62.49054344,4.409048681,0.570341829,18042.65426,106.6302047,122.5739488,109.7485083,80.55400924,0.329,125.759,125,117.8344217,319.492,325.291,177.1866997,572.6656667,127.597,171.8,70.46666667,72.65,71.83666667,4.146666667,428.73,225.9882039,4.1,171.9247647,170.5646667,62.67033932,62.51186542,164.7345335,163.57,159.161,115.206,106.127,274.3319513,272.8516667,132.2149503,4.453333333,4.21,4.33,29895.7,25717.7,15510.9,12788.7,7414.7,84.2,2019.1,1115.6,1954.5,2241.3,3922.9,3437,20555,5556.216,4137.819,1206.197,212.2,5195.517,1949.728,3245.789,-1264.6,3293.7,4558.3,-1502.6,16345.8,4547.947,3595.389,788.779,171.969,3993.923,1537.219,2456.304,-1380.7,2659.5,4040.2
2025q2,30485.7,30467.4,30200.37209,23771,23773.9,23548.51766,18354.8,171.7719501,137.0917525,62.47878305,4.40690622,0.944782773,18156.62136,106.8541354,123.4980716,110.0273692,80.89295095,0.329,126.424,125.804,118.4915588,320.8003333,326.9613333,177.7237333,578.6663333,128.266,173.566,64.21333333,65.58,64.62666667,3.186666667,428.68,215.9764949,4.166666667,171.9975193,170.675,62.55978984,62.4293589,164.8194861,163.536,159.4413333,116.143,106.41,274.9330197,273.389,132.6240221,4.36,4.23,4.33,30335.8,26067.1,15701.3,12945.1,7430,78.2,2027,1119.2,1960.6,2245,3929.7,3458.2,20789.9,5358.632,4207.512,1196.91,-45.79,5236.97,1956.417,3280.552,-899.8,3267.5,4167.3,-1167.2,16445.7,4382.819,3659.32,778.53,-18.264,3992.974,1516.604,2475.3,-1058,2647.3,3705.3
2025q3,30968.31566,31051.77277,30600.80793,23964.54494,24046.27781,23680.15248,18543.24114,172.0758262,137.6146377,62.45969486,4.404199708,1.200973933,18271.90812,107.0426763,124.4140012,110.3221363,81.26320005,0.329,127.2728395,126.6917007,118.9858544,323.288,329.6636667,178.9387835,584.5663333,129.2255527,174.9403727,66.15666667,67.22666667,65.73666667,3.026666667,429.35,211.9519516,4.3,172.0812324,170.7893333,62.46139448,62.33096354,164.6817394,163.3816667,159.548,117.3583676,106.3844986,275.500145,274.036119,132.926666,4.256666667,4.096666667,4.293333333,30856.51306,26252.47113,15868.7,13082.24969,7657.890042,74.41126384,2054.018005,1125.075231,2091.750898,2312.634644,4028.952124,3452.886998,21084.91284,5458.836174,4269.955517,1199.023856,-10.14319819,5297.25559,1979.967518,3317.288072,-872.68895,3304.360013,4177.048963,-1034.584739,16566.70263,4416.249636,3688.070671,773.2440455,-6.006212487,4002.181528,1518.261551,2482.804064,-1022.878116,2672.934497,3695.812613
2025q4,31324.64146,31409.12096,31029.62017,24037.61461,24119.61242,23811.2239,18641.93281,172.335464,138.1678695,62.43993437,4.401841213,0.950773126,18386.77524,107.2243443,125.325115,110.6201871,81.63551642,0.329,128.171317,127.5884429,119.6067778,325.9344242,332.442337,180.2424959,589.2206871,130.3150997,176.2653898,56.55606531,57.82714168,60.33462963,3.687185185,431.5465711,213.3013992,4.532226314,172.5575836,171.4931033,62.50328506,62.43489813,164.7368834,163.7206478,159.6791755,117.9898229,106.3756238,276.0776229,274.6750751,133.2282456,4.082338263,3.689867225,3.869863328,31241.95126,26502.12324,16017.38278,13185.50209,7747.027051,73.79195744,2083.179561,1130.180868,2132.443396,2327.431269,4085.980469,3506.235735,21302.36825,5572.40356,4323.79022,1204.896608,43.71673157,5306.945424,1954.367474,3352.57795,-857.0757715,3292.07414,4149.149911,-1009.034842,16620.23044,4476.628231,3708.448683,771.6152906,34.92833638,3953.406211,1464.193815,2487.262975,-1008.243503,2669.95379,3678.197293
2026q1,31720.25112,31812.45825,31370.15396,24212.37034,24300.03447,23945.13784,18763.67702,172.5645123,138.760499,62.42173605,4.399090564,1.116019894,18501.08903,107.3932207,126.2308019,110.9238549,82.01388829,0.329,129.1074048,128.5900383,120.3524625,328.4133195,335.2979886,181.4576808,594.2777177,131.0084501,177.7555986,56.1688922,57.39571081,58.69518519,4.273296296,434.1157884,212.5611154,4.549081779,172.7366473,171.7952,62.48273547,62.40848136,164.8787159,163.9800958,159.9527082,118.5652258,106.5470265,276.4550015,275.2754052,133.5295262,4.059955891,3.469872715,3.639864821,31659.37559,26892.74501,16194.94168,13329.50575,7884.773896,73.14888237,2106.703723,1130.943419,2192.364113,2381.613758,4164.925442,3577.424978,21532.20889,5656.035674,4383.992414,1216.527019,55.51624052,5440.868633,2056.332805,3384.535827,-908.8620789,3295.153455,4204.015534,-1052.30141,16677.74898,4516.740797,3738.9676,773.4968299,43.57907978,4057.690249,1565.87123,2490.437068,-1039.757755,2666.532492,3706.290247
2026q2,32094.859,32191.41526,31750.76593,24331.80301,24422.35244,24070.93865,18867.98284,172.7671446,139.3259042,62.40375006,4.395932476,1.083731564,18615.33432,107.5519927,127.1357544,111.2344043,82.39850941,0.329,129.9954989,129.5109425,121.0956691,330.708606,337.7851196,182.5781896,598.295598,131.9049763,179.3143218,55.14193877,56.34023967,58.7117955,3.767740741,436.50558,211.3934914,4.558296158,172.9158998,172.1182422,62.4623717,62.38522561,165.033881,164.272583,160.3327124,118.9470506,106.7912815,276.8321073,275.8958399,133.8316356,4.093970051,3.281831496,3.389795287,32050.43991,27236.165,16386.39449,13477.78288,8022.789486,72.40163236,2133.141826,1140.967787,2243.086061,2433.192179,4181.342391,3588.456978,21801.8771,5749.212312,4445.303318,1233.619897,70.28909747,5466.370338,2049.527886,3416.842452,-922.6007523,3333.363702,4255.964454,-1060.459801,16771.25537,4568.137108,3774.131989,778.9791134,54.52417579,4043.644055,1548.589262,2493.282797,-1050.015101,2684.785812,3734.800914
2026q3,32468.27123,32559.26256,32126.76699,24457.69294,24543.64763,24200.44469,18979.43822,172.9538821,139.9242642,62.38624695,4.392371965,1.062989767,18730.19514,107.7053893,128.039096,111.5512873,82.7888488,0.329,130.8418971,130.3647323,121.809543,332.9762579,340.1342338,183.6840731,602.2005747,132.7527961,180.8750768,55.37891032,56.53331948,59.05479782,4.076,439.2396423,210.8425742,4.560774444,173.0856959,172.4440104,62.44226886,62.36485224,165.1916477,164.5792281,160.6997591,119.3799478,107.0284664,277.1931563,276.5083284,134.1326016,4.156957423,3.289859815,3.389713645,32436.23802,27544.43551,16575.62411,13627.09463,8119.151853,71.71150291,2159.506255,1152.133421,2285.884738,2449.915936,4192.360344,3601.757789,22048.8584,5829.104427,4506.688412,1252.75683,69.65918463,5515.458894,2065.557706,3449.901188,-925.1504874,3375.08165,4300.232137,-1066.722805,16851.5276,4612.489717,3812.749043,786.0418632,53.88656019,4046.359543,1547.888135,2496.643446,-1049.997973,2706.294219,3756.292192
2026q4,32813.32486,32891.74402,32489.13672,24573.15165,24649.34133,24330.37453,19080.47593,173.132843,140.530093,62.36949729,4.388425415,0.997835527,18845.52506,107.8558654,128.9408855,111.8721633,83.18240075,0.329,131.6363327,131.1648489,122.5068476,335.1321415,342.3576081,184.7320348,606.5558585,133.5332371,182.4246125,55.60146479,56.72069703,59.27721126,4.405740741,442.2882652,210.7668721,4.557848998,173.2586263,172.7816085,62.42249951,62.34685134,165.3617598,164.9064837,160.934372,119.8433251,107.1785162,277.5579762,277.1296461,134.4359441,4.197844476,3.278167017,3.389660867,32790.63446,27835.18665,16757.97367,13773.19007,8201.515954,71.00638263,2185.183655,1165.937729,2330.290497,2449.097691,4207.4022,3624.360156,22281.572,5907.084607,4567.492579,1273.132166,66.45986164,5558.703787,2078.342282,3480.361505,-934.0355286,3410.525834,4344.561362,-1083.774373,16926.61255,4655.792453,3851.710669,793.6448533,51.31315503,4049.81435,1549.480159,2498.518803,-1055.409093,2723.819992,3779.229085
2027q1,33147.23722,33215.66844,32851.92295,24680.59235,24749.05113,24460.70884,19173.51237,173.3099544,141.1385106,62.35388416,4.384115427,0.898925351,18961.24675,108.0061372,129.835568,112.1946493,83.57674105,0.329,132.4096487,131.9464247,123.1959008,337.2135657,344.506366,185.739743,610.794293,134.304869,183.9270548,55.96141342,57.05029191,59.66058413,4.543037037,445.5869396,210.9310972,4.550850318,173.43262,172.9892497,62.40316777,62.33076454,165.5399611,165.1167678,161.0404283,120.328264,107.0365004,277.9227822,277.5342978,134.7397267,4.22674531,3.264079734,3.389653545,33131.57978,28153.05841,16940.69238,13917.8204,8254.996566,70.38643279,2211.109516,1175.424125,2367.135952,2430.940541,4192.63058,3613.258964,22497.37009,5979.465372,4623.871809,1293.26786,62.32570362,5602.155927,2089.995871,3512.160057,-931.7541754,3442.083019,4373.837195,-1089.660561,16990.73316,4694.330189,3886.988837,800.8213178,48.00322421,4053.570852,1550.669098,2501.080336,-1052.387651,2738.825027,3791.212678
2027q2,33480.68919,33536.00892,33211.72973,24789.95538,24848.46129,24590.81094,19268.72519,173.4885187,141.7431604,62.3391596,4.379469172,0.809832731,19076.60237,108.1575647,130.7229165,112.514891,83.96747694,0.329,133.1687084,132.7124086,123.8852014,339.2503547,346.5947411,186.7246241,615.2953235,135.0574806,185.4111761,56.40989547,57.47341479,60.12451725,3.570703704,449.0831327,211.1098065,4.541199888,173.6077257,173.1993491,62.38431793,62.31625091,165.7238518,165.3340204,161.1161007,120.8200346,107.0115768,278.287447,277.9360866,135.0398796,4.248414772,3.252819357,3.389779147,33470.32259,28433.13123,17121.99257,14062.2436,8332.814731,69.79109559,2237.044739,1181.333645,2413.215331,2431.42992,4188.504737,3615.012221,22705.09434,6054.447153,4677.148228,1313.660201,63.63872389,5644.701478,2100.812728,3543.88875,-923.5537832,3473.845241,4397.399025,-1093.738055,17049.87201,4734.980303,3919.670817,808.171782,48.76637508,4058.524515,1552.770123,2503.943891,-1045.062137,2753.358258,3798.420396
2027q3,33819.49658,33864.73578,33571.28795,24903.47248,24954.37142,24720.70048,19368.36554,173.6690578,142.3437243,62.32464766,4.37449561,0.739347958,19191.67175,108.310508,131.6000379,112.8331722,84.35468161,0.329,133.9162892,133.4653829,124.5774987,341.2813059,348.6735693,187.7062893,619.9708562,135.8023328,186.8841105,56.9441731,57.98666891,60.67614438,3.813777778,452.7377905,210.1974293,4.530386655,173.7776483,173.3983576,62.36589738,62.30289119,165.9048489,165.5427416,161.1823366,121.3149517,107.0576777,278.6421034,278.315106,135.3404147,4.265435347,3.242960699,3.389950073,33813.11192,28713.25224,17303.28304,14207.53043,8411.640079,69.28301658,2263.160538,1189.837078,2461.602477,2427.756969,4181.532578,3610.443359,22924.13808,6121.605257,4728.81261,1333.619652,59.17299505,5686.710319,2112.225623,3574.484696,-912.9570804,3504.51667,4417.47375,-1091.787315,17118.25964,4769.825869,3951.398167,815.2012405,45.27814987,4062.483175,1554.433435,2506.248889,-1035.635029,2765.544253,3801.179281
2027q4,34158.4764,34190.44579,33930.79724,25016.89965,25057.93431,24850.15256,19468.01787,173.8505982,142.9397012,62.30967234,4.369200135,0.671010348,19306.25442,108.4649183,132.4699047,113.1491662,84.73751189,0.329,134.6540255,134.2075506,125.2712389,343.2981188,350.7331888,188.6804914,624.6434866,136.5416054,188.3461438,57.5415542,58.56717066,61.28193689,4.142518519,456.5211551,209.2850521,4.519761783,173.9503717,173.5965688,62.34780992,62.2902379,166.0882293,165.7504174,161.307111,121.8122114,107.1469131,278.9999712,278.6898471,135.6401872,4.279218472,3.234249123,3.390124786,34155.09302,29007.00921,17484.67104,14352.88502,8506.41911,68.81315721,2289.458487,1198.210022,2517.156746,2432.780698,4201.549446,3635.492827,23141.11004,6192.534837,4780.724873,1353.368277,58.44168727,5723.135438,2118.179367,3604.956071,-898.3039142,3537.617187,4435.921101,-1088.072866,17185.60581,4807.54179,3983.556083,821.8973057,44.51830584,4062.144644,1551.611105,2508.610455,-1023.131571,2778.751714,3801.883284
2028q1,34499.48848,34523.15725,34290.57231,25131.64781,25166.54639,24979.45983,19569.07353,174.0339466,143.5321115,62.29448753,4.363601998,0.609252488,19420.71495,108.6209005,133.3308952,113.46409,85.11748666,0.329,135.3835069,134.9407978,125.9663811,345.3058817,352.7806648,189.6499517,629.4431764,137.2750754,189.8009162,58.1781127,59.19083651,61.9088133,4.320740741,460.4109932,208.3726749,4.507139894,174.1325908,173.8173019,62.33002021,62.27788513,166.2841913,165.983113,161.4326461,122.3115876,107.262892,279.3719466,279.0995577,135.9402976,4.290708083,3.226547882,3.390260348,34498.37029,29352.86189,17666.31083,14500.14453,8598.553924,68.42152669,2315.95004,1205.266534,2578.649175,2430.266649,4196.023572,3629.662529,23365.47897,6260.398375,4829.536789,1372.854006,58.00757977,5757.3681,2122.066622,3635.301478,-883.7569626,3573.191956,4456.948919,-1081.065148,17258.73372,4842.760074,4013.307447,828.196253,43.99703976,4059.552663,1546.53287,2510.898279,-1010.402652,2794.224668,3804.62732
2028q2,34836.64819,34851.32559,34652.32996,25242.6089,25270.93068,25109.05205,19666.30473,174.220177,144.1225263,62.27930903,4.357754455,0.531907173,19535.55022,108.7781862,134.1817186,113.7814692,85.49698715,0.329,136.1062777,135.6667539,126.6635255,347.303238,354.8146048,190.6108333,634.2673118,138.0073206,191.2514356,58.83348162,59.83707451,62.54665853,3.346925926,464.3906768,207.4602977,4.490104621,174.3161082,174.0366601,62.31249482,62.26546662,166.4891326,166.222232,161.5589199,122.8130188,107.3953279,279.7450314,279.5075176,136.2372899,4.300430725,3.219697584,3.390322129,34837.24295,29654.52121,17849.0801,14648.5968,8696.579621,68.07033544,2342.738979,1212.671463,2640.802315,2432.296529,4193.2398,3626.921441,23584.03203,6325.867206,4874.339479,1391.370918,60.15680956,5796.17411,2130.248959,3665.925151,-869.4251508,3609.380285,4478.805436,-1075.931931,17327.65925,4876.091733,4039.854549,833.7897162,45.3586089,4059.088128,1543.469834,2513.351032,-997.6818374,2809.84228,3807.524118
2028q3,35168.52572,35175.78061,35013.15552,25350.68352,25373.62663,25238.68733,19760.70185,174.4075292,144.7109964,62.26340376,4.351674627,0.443748056,19650.51219,108.9343448,135.0213883,114.1018911,85.87683406,0.329,136.823487,136.3868351,127.3624833,349.2916217,356.8370023,191.5674599,639.0988199,138.7281163,192.7001855,59.50378454,60.50148749,63.18792351,3.617814815,468.4476964,206.5479205,4.46967708,174.4971846,174.2476136,62.29513439,62.25275552,166.697724,166.459308,161.6858925,123.3165146,107.5357526,280.1136659,279.9034551,136.5303789,4.308732959,3.213569599,3.390289836,35170.41848,29946.56313,18031.4736,14797.14789,8784.031757,67.78376033,2369.614943,1220.29136,2700.043347,2426.298346,4180.266818,3612.134013,23802.73369,6387.426168,4917.252124,1408.729826,61.44421856,5835.206125,2138.446832,3696.759293,-856.8402621,3645.917406,4502.757668,-1071.989716,17396.67232,4906.482451,4065.143269,838.527086,46.08941216,4059.729004,1541.404094,2515.937974,-986.4844208,2825.607164,3812.091585
2028q4,35502.7924,35499.65249,35373.47434,25460.36379,25475.84915,25367.62503,19856.98693,174.5938986,145.295026,62.24603865,4.345370175,0.36557918,19765.03126,109.0868968,135.851835,114.4240543,86.25651237,0.329,137.5362467,137.1022741,128.0635994,351.2801225,358.8594905,192.5239602,643.9807983,139.4433822,194.14923,60.17991318,61.17462617,63.81380608,3.961481481,472.5727059,205.6355433,4.446874874,174.6791914,174.4573897,62.2777772,62.23963533,166.9114263,166.6994879,161.8135415,123.8220884,107.6781669,280.4839852,280.299505,136.8197539,4.315866417,3.208065427,3.390159121,35505.67194,30227.19979,18213.71053,14936.66496,8880.368492,67.53184502,2396.592811,1228.533742,2758.485382,2429.224711,4199.659605,3632.482163,24019.90747,6448.282922,4960.579968,1424.958258,62.74469677,5876.640684,2148.908359,3727.732324,-842.0386804,3683.124506,4525.163186,-1068.896879,17464.41978,4936.177768,4090.847735,842.4315617,46.81514393,4062.226537,1541.145072,2518.630522,-973.392783,2841.653523,3815.046306
2029q1,35840.44891,35830.87517,35732.9373,25572.19226,25583.12399,25495.48262,19955.75547,174.7757465,145.875404,62.22601282,4.338867664,0.300875394,19878.75496,109.2330557,136.6706943,114.7473636,86.63673433,0.329,138.2457129,137.8141399,128.7670228,353.2693191,360.8827638,193.4802364,648.8880255,140.1539944,195.6002985,60.8542026,61.84849599,64.42037229,4.176296296,476.7587379,204.7231661,4.422728716,174.8716946,174.6812355,62.26015703,62.22588875,167.1375939,166.9555583,161.9418449,124.3297363,107.8176463,280.8725563,280.721158,137.1057322,4.321972275,3.203110272,3.38993845,35844.08211,30556.56596,18395.6079,15085.45213,8953.799316,67.32960551,2423.634344,1234.352266,2815.924129,2412.558971,4199.720886,3629.473976,24247.10889,6502.786852,4998.691891,1440.99486,63.10010015,5918.123497,2158.821304,3759.302193,-827.5703231,3721.298461,4548.868784,-1060.236331,17539.13983,4960.783014,4112.221229,846.110248,46.81699099,4065.029769,1540.802007,2521.698513,-960.6337447,2858.368477,3819.002222
2029q2,36177.88259,36159.87507,36092.49382,25682.986,25687.98617,25622.36779,20053.7433,174.9554401,146.4508208,62.20405238,4.332242555,0.236583164,19991.77028,109.3745746,137.4797771,115.071781,87.01654831,0.329,138.9536479,138.5233615,129.4728795,355.2620008,362.9102778,194.4372847,653.8408453,140.8632259,197.0548473,61.51509779,62.51132318,65.00252157,3.252296296,481.0006135,203.8107889,4.398266902,175.0634646,174.9026793,62.24210735,62.21131949,167.3637062,167.2099926,162.0707739,124.839465,107.9546057,281.2621102,281.1428543,137.386182,4.327180082,3.198648688,3.389645682,36182.09438,30855.74185,18577.65156,15233.9226,9047.281609,67.15693482,2450.788462,1240.370097,2868.637791,2420.328324,4208.45119,3637.026494,24479.2734,6555.43094,5035.922383,1455.911671,63.5968857,5958.348182,2168.269031,3790.079151,-815.1699314,3759.519232,4574.689164,-1058.463429,17616.86272,4983.796669,4132.788522,849.0271611,46.95879429,4066.904645,1540.123978,2524.171549,-949.6355104,2874.945091,3824.580601
2029q3,36519.07256,36493.82843,36455.40981,25795.36037,25795.33372,25750.39199,20153.56761,175.1392617,147.0280949,62.18231471,4.325515073,0.174631831,20106.11257,109.5164861,138.2798285,115.404959,87.40083571,0.329,139.6602707,139.2307481,130.1813112,357.2604437,364.944795,195.3959549,658.8502402,141.5722519,198.5141092,62.14826161,63.148611,65.56115133,3.569296296,485.2944935,203.0517374,4.374515302,175.2536219,175.119806,62.22369314,62.19600425,167.5871254,167.4591633,162.2003022,125.351284,108.0932619,281.6509484,281.5611841,137.6614599,4.331626451,3.194641009,3.389305825,36523.73215,31148.70747,18761.51902,15383.43302,9133.855758,67.02777144,2478.26123,1245.944863,2917.25333,2425.368565,4215.684342,3641.746424,24716.88711,6608.57253,5073.012259,1470.427091,65.13317936,5998.213048,2177.349182,3820.863866,-804.6001294,3797.085524,4601.685654,-1056.82716,17697.86568,5007.115878,4153.215942,851.6508836,47.87068851,4068.311046,1539.062171,2526.544232,-940.2656262,2891.050247,3831.315874
2029q4,36865.45877,36830.29498,36823.50471,25910.20449,25903.31283,25880.71785,20256.07764,175.3330968,147.6088561,62.16295723,4.318687888,0.113932824,20222.86855,109.6640128,139.0748193,115.7491331,87.79011171,0.329,140.3661572,139.9370043,130.8924087,359.2650792,366.9867011,196.3563092,663.9071997,142.2816203,199.979135,62.74519764,63.7515769,66.10407649,3.934074074,489.6375644,202.1910767,4.352500809,175.4425802,175.3349823,62.20518843,62.18026857,167.8064405,167.7035258,162.3304049,125.8651998,108.2383206,282.0384998,281.9784898,137.938057,4.335440311,3.191059869,3.388948755,36870.46847,31450.67866,18948.14163,15532.17302,9228.680356,66.92948405,2506.160725,1251.146298,2962.717745,2441.726104,4260.456593,3686.578688,24958.495,6664.853161,5112.717222,1484.722103,67.413836,6035.924678,2184.158553,3851.766125,-793.8140687,3835.538471,4629.35254,-1057.980673,17780.99187,5032.711188,4175.79777,854.1023159,49.26234289,4067.986986,1536.259664,2528.854829,-930.8147798,2907.415504,3838.230284
2030q1,37214.63597,37174.17509,37193.95482,26026.0302,26015.57586,26011.56686,20359.75934,175.5390714,148.1810668,62.1469431,4.311784251,0.055603517,20340.21002,109.8195487,139.8643242,116.0909338,88.17444907,0.329,141.0718306,140.6427445,131.6062743,361.2798734,369.0408747,197.3209167,669.0149843,142.9900591,201.4508499,63.30416946,64.31808852,66.62725107,4.168592593,494.02779,201.2549885,4.311770892,175.6487238,175.566528,62.1869361,62.16450838,168.0751533,167.9965015,162.4610571,126.3812203,108.391852,282.4527704,282.4224506,138.210336,4.338765209,3.187900096,3.388621253,37219.92243,31796.88849,19136.06147,15684.10098,9307.188821,66.87060168,2534.278146,1255.843477,3005.489329,2444.707267,4277.834012,3699.311993,25212.4565,6719.153344,5152.080007,1498.348111,68.72522658,6072.729331,2190.2031,3882.52623,-789.7032003,3874.835609,4664.538809,-1058.897112,17872.07013,5056.706496,4198.098302,856.1085892,49.95663204,4067.035727,1533.034068,2530.943857,-926.9112853,2924.053205,3850.964491
2030q2,37564.80712,37518.01619,37564.97981,26141.3283,26126.62494,26141.44848,20463.24758,175.7529177,148.7397696,62.13299242,4.304886546,-0.000459721,20457.00453,109.9712601,140.6488644,116.4323834,88.55841113,0.329,141.7777062,141.3485054,132.3229988,363.3049995,371.1073501,198.2881609,674.1676787,143.6989226,202.9300253,63.83485011,64.85726134,67.12939215,3.223777778,498.4636956,200.2676904,4.304870054,175.8555947,175.7978479,62.16911681,62.14893186,168.2852398,168.229979,162.5922333,126.8993528,108.5420256,282.8664837,282.8654374,138.4734212,4.34174526,3.185145449,3.388351854,37570.31521,32108.22084,19324.35736,15836.28235,9402.025552,66.83262172,2562.474622,1260.815825,3047.612232,2464.29025,4305.088587,3722.874301,25465.13548,6774.614946,5192.809914,1511.788701,70.01633141,6110.035368,2196.371588,3913.66378,-784.9786812,3917.029946,4702.008627,-1062.66611,17961.31153,5081.388417,4221.426607,857.9328231,50.63973997,4066.213788,1529.815508,2533.146152,-922.5291985,2942.433333,3864.962531
2030q3,37917.78994,37865.43981,37938.35319,26257.09765,26238.72026,26271.33717,20567.48771,175.9700533,149.2943639,62.11989798,4.298262401,-0.054201756,20574.07719,110.1245545,141.4296449,116.7742129,88.94123934,0.329,142.4842554,142.054755,133.0426319,365.3406391,373.1861711,199.2589837,679.3590065,144.4096771,204.4173228,64.33740724,65.36901028,67.60871863,3.491925926,502.944238,199.6427478,4.298242596,176.0630136,176.0119165,62.15177262,62.13360599,168.4953982,168.4464973,162.7239075,127.4196051,108.6940527,283.2791507,283.2797383,138.7274511,4.344398772,3.182778643,3.388163419,37923.47863,32414.62704,19513.93672,15989.46606,9490.783579,66.82355547,2590.852691,1266.185876,3089.22332,2477.698137,4325.851821,3738.990898,25720.49056,6832.017356,5235.965971,1524.223682,71.82770289,6148.164251,2203.07079,3945.093461,-782.8822345,3958.378816,4741.26105,-1068.249066,18051.46154,5107.24633,4246.566027,859.0993852,51.68276809,4065.759066,1526.926823,2535.393085,-920.3086845,2960.35092,3880.659605
2030q4,38272.76799,38211.44433,38313.17035,26373.01193,26348.63959,26400.8524,20672.11726,176.185373,149.847016,62.10645255,4.291845924,-0.105452926,20691.05547,110.2766857,142.2095113,117.1159238,89.32353793,0.329,143.1918033,142.7619009,133.7652518,367.3869751,375.2773874,200.2342545,684.5884259,145.1209596,205.9133029,64.8096936,65.85102208,68.06887877,3.865259259,507.4687201,199.0049761,4.293592321,176.2690997,176.2231516,62.13482098,62.1184708,168.7008231,168.6568479,162.8560533,127.9419842,108.8451335,283.6881106,283.6888116,138.9724461,4.346797799,3.180774129,3.388065903,38278.60652,32730.51183,19704.32963,16138.64156,9596.761126,66.8334263,2619.331587,1271.977047,3132.851734,2505.767331,4387.549831,3799.318571,25973.01759,6893.594022,5283.966083,1536.173477,73.45446185,6186.749108,2209.709151,3977.039957,-780.5927239,3999.432869,4780.025593,-1077.499234,18138.62037,5135.920864,4275.440904,859.924954,52.57963542,4065.715525,1524.269228,2537.819842,-917.9420457,2977.860419,3895.802464
2031q1,38631.19084,38565.80448,38690.76395,26489.6694,26462.7303,26530.51908,20777.77968,176.3964159,150.4028239,62.09236921,4.285665307,-0.153972437,20808.5376,110.4257326,142.9860923,117.4615019,89.70946089,0.329,143.900681,143.4702995,134.4909293,369.4441905,377.3810561,201.2144719,689.8542114,145.8349301,207.4184106,65.25712117,66.30841787,68.51775886,4.050296296,512.0366953,198.374512,4.285641121,176.471257,176.4294678,62.1181588,62.1034434,168.9083323,168.868334,162.9886425,128.4664975,108.9932861,284.0896453,284.0896706,139.2114935,4.348947395,3.179078434,3.388035954,38637.15643,33106.64677,19896.21682,16293.60117,9693.464423,66.86424695,2647.983071,1278.267274,3178.899223,2521.450608,4414.540377,3819.971341,26230.72534,6950.666818,5330.166153,1546.189264,74.3114021,6226.08655,2216.839406,4009.247144,-776.2878746,4041.060692,4817.348566,-1077.962647,18228.35387,5160.960182,4302.638363,859.6309391,52.93970235,4065.979175,1521.929869,2540.244724,-914.0867565,2995.634413,3909.72117
2031q2,38992.26043,38921.40493,39070.19958,26606.53877,26576.09668,26659.72089,20883.93887,176.6046715,150.9570538,62.07828014,4.279729463,-0.199484904,20925.88216,110.572423,143.7606763,117.8074548,90.09567126,0.329,144.6111835,144.1802598,135.2197386,371.5124553,379.4972286,202.1984862,695.1572301,146.5514202,208.9330412,65.68821886,66.74944249,68.9602094,3.119296296,516.6478838,197.7670366,4.279704153,176.6722208,176.6338302,62.10175678,62.08851269,169.1111725,169.0744249,163.1216479,128.9931554,109.1391719,284.4882818,284.4871339,139.4410172,4.351023039,3.176320268,3.388065961,38998.33604,33437.24572,20089.11422,16448.99202,9800.129855,66.91036278,2676.721547,1285.03592,3225.295896,2546.16613,4449.956293,3850.519979,26480.73152,7004.992874,5376.297406,1553.04657,75.64889878,6266.591141,2224.459542,4042.131599,-760.0551009,4082.85317,4842.908271,-1069.849492,18311.6761,5183.782691,4329.602238,857.5949083,53.62499003,4066.813244,1519.903551,2542.928822,-900.7360148,3013.360116,3914.096131
2031q3,39355.06323,39279.62865,39450.42386,26722.88341,26689.57634,26787.63521,20989.94901,176.8102752,151.5049687,62.06435678,4.274041361,-0.241722716,21042.44269,110.7115659,144.5356856,118.1535397,90.48365519,0.329,145.32356,144.8920476,135.9517676,373.5919136,381.6259329,203.1872633,700.499595,147.271021,210.4575258,66.11447686,67.18532169,69.40163104,3.401925926,521.3021987,197.3465776,4.27401539,176.8717304,176.838078,62.08560545,62.0736855,169.3122054,169.2799913,163.2550393,129.521965,109.2775928,284.8836363,284.8841285,139.6631766,4.352988401,3.168929248,3.382284924,39361.23603,33763.62134,20282.47794,16604.36953,9900.73256,66.97064292,2705.45448,1292.242048,3270.562231,2565.503159,4479.553908,3874.415507,26731.38608,7060.490509,5425.139528,1558.67904,76.67194131,6307.925209,2232.572265,4075.352944,-744.7385672,4123.639028,4868.377595,-1061.688635,18394.39254,5207.32832,4358.553252,854.9354157,54.09355,4067.983172,1518.186732,2545.648471,-888.4079101,3030.477507,3918.885417
2031q4,39720.55948,39635.3897,39832.27115,26839.60968,26799.97676,26915.09446,21096.67529,177.0128078,152.051678,62.05077057,4.268545618,-0.28045519,21158.92127,110.848408,145.3185643,118.4993393,90.87219922,0.329,146.0380148,145.6058938,136.6870756,375.6826979,383.7671936,204.1807105,705.8823611,147.9923141,211.992147,66.54295573,67.62301892,69.84531192,3.778444444,525.9996252,196.9473493,4.268519426,177.068577,177.03814,62.06971334,62.05898511,169.5103704,169.4812326,163.3887875,130.0529369,109.4136831,285.2737148,285.2739852,139.8768104,4.354972434,3.161615721,3.37552158,39726.82008,34100.77175,20476.7345,16755.05267,10020.08061,67.04365945,2734.21695,1299.895529,3315.505619,2603.418856,4558.309002,3952.618327,26981.04849,7121.596595,5479.671871,1563.805837,78.11888748,6349.387569,2240.457307,4108.930262,-731.4731763,4164.167103,4895.640279,-1060.942138,18475.35967,5234.924542,4391.907585,852.0787104,54.84957524,4069.24926,1516.510535,2548.419299,-878.0587597,3047.387603,3925.446363
2032q1,40088.94611,40001.37221,40215.83292,26956.84481,26915.88048,27042.16678,21204.27239,177.2101011,152.5994659,62.03712813,4.263198469,-0.315514564,21275.43568,110.9817249,146.106422,118.8444109,91.2628377,0.329,146.7547301,146.3219988,137.4257184,377.7849301,385.9210322,205.1788922,711.3065927,148.7152758,213.5371484,66.97382184,68.06277423,70.29140714,3.984925926,530.740181,196.5673339,4.263172636,177.2581519,177.2307257,62.05404887,62.04439316,169.7013308,169.6750739,163.5228626,130.5860803,109.5461835,285.6512268,285.6514773,140.0851565,4.356884223,3.155353573,3.36947995,40095.28763,34497.26262,20671.92908,16911.08222,10126.02423,67.12992997,2762.992364,1306.132661,3361.84751,2627.921768,4593.066898,3979.504052,27238.1235,7180.899383,5532.437484,1568.732959,79.72894026,6395.585791,2253.040349,4142.545442,-725.6625568,4205.424242,4931.086799,-1058.078582,18560.30363,5261.110587,4423.668895,849.2034262,55.71346484,4073.559032,1518.19719,2551.049379,-874.0313485,3064.799264,3938.830613
2032q2,40460.5208,40369.04773,40601.33139,27074.47998,27031.19611,27168.70451,21313.19193,177.4025727,153.1471844,62.02348439,4.258010262,-0.346812747,21391.80443,111.111883,146.8994427,119.1882917,91.65452018,0.329,147.4738764,147.0405361,138.1677477,379.8987193,388.0874647,206.1819219,716.7725841,149.4415436,215.0927429,67.40738031,68.50495152,70.74026747,2.983555556,535.5240756,196.2045667,4.257985226,177.4452369,177.4199723,62.03858912,62.0298987,169.8896449,169.8654561,163.6572343,131.1214155,109.6754214,286.0239721,286.0233146,140.28662,4.358726758,3.149835372,3.364142667,40466.93821,34840.25622,20868.17542,17067.9554,10236.81547,67.22632624,2791.772602,1314.763185,3407.415159,2655.638195,4634.110085,4014.241496,27500.23915,7239.49856,5585.971226,1572.273267,81.2540661,6434.214113,2257.955351,4176.258763,-713.431024,4246.606176,4960.037201,-1052.657274,18647.53258,5286.720924,4455.91528,845.6555996,56.51134261,4072.767199,1514.585231,2553.589511,-865.1335136,3082.072168,3947.205681
2032q3,40836.07978,40741.62384,40989.52443,27192.73516,27147.76584,27294.91391,21422.93258,177.5926416,153.6939463,62.01068324,4.252931615,-0.374350892,21508.23093,111.2405554,147.698025,119.5308938,92.04676258,0.329,148.1955909,147.7616595,138.9132151,382.0241807,390.2665247,207.1898207,722.2799716,150.1727559,216.6591194,67.84395599,68.94992478,71.19225725,3.260444444,540.393278,195.8701406,4.252907849,177.6294037,177.6072624,62.0233977,62.01557604,170.0749888,170.0537892,163.7918731,131.6589403,109.8030169,286.3909593,286.3913773,140.4812091,4.360522428,3.144991799,3.359463916,40842.56959,35178.07859,21065.86014,17225.97628,10341.18109,67.33461399,2820.585239,1323.800977,3450.591367,2678.868891,4670.612164,4043.605697,27758.42718,7300.215154,5642.341123,1575.333081,82.54095013,6477.787863,2267.40943,4210.378433,-700.3504119,4287.618973,4987.969385,-1045.445654,18730.93997,5313.763929,4490.261551,841.906986,57.14695289,4074.559417,1513.596236,2556.227082,-855.7583869,3099.179016,3954.937403
2032q4,41216.18785,41115.66112,41380.97467,27311.86096,27263.17537,27421.05676,21533.7596,177.7819753,154.2398025,61.99956859,4.247894896,-0.398218806,21624.93318,111.3689114,148.5025242,119.8724972,92.43954009,0.329,148.9200224,148.4855045,139.6621701,384.1614247,392.4582489,208.2025908,727.8284492,150.9094818,218.2364479,68.28365671,69.39784759,71.64749212,3.592888889,545.2689908,195.5491711,4.247872309,177.8112117,177.7907913,62.00861619,62.00157643,170.2580185,170.2384655,163.9267491,132.1986666,109.9301011,286.7524268,286.7520498,140.6686887,4.36228711,3.140761631,3.355384877,41222.74768,35519.72483,21265.27088,17379.96748,10458.29637,67.45302752,2849.444085,1333.234912,3490.182124,2717.982222,4742.45517,4111.430851,28018.01462,7362.734805,5699.718589,1578.619373,84.39684309,6522.899586,2278.165964,4244.733622,-687.4611598,4328.782877,5016.244037,-1041.649529,18814.13538,5341.83939,4525.196464,838.2553439,58.15528623,4076.77001,1513.072601,2558.841813,-846.7027595,3116.32348,3963.026239
2033q1,41600.22664,41498.24074,41775.09287,27431.85166,27382.53009,27547.16124,21645.69523,177.9699461,154.7854671,61.99024936,4.242854186,-0.418589691,21741.94687,111.4965037,149.3106041,120.2135377,92.83337877,0.329,149.6472874,149.2121905,140.4146604,386.3105578,394.6626771,209.2202453,733.4177436,151.6493569,219.8248844,68.72639383,69.84867314,72.10582801,3.797222222,550.1849249,195.2398775,4.242832714,177.9822039,177.9642238,61.99438274,61.98804668,170.4307168,170.4134995,164.0618326,132.7406045,110.0562235,287.0940818,287.0944211,140.8554576,4.364075019,3.137074375,3.351842832,41606.85481,35929.34288,21466.10343,17540.47069,10567.78461,67.58175345,2878.544264,1343.019197,3530.481689,2748.157702,4782.332487,4142.708617,28288.71601,7424.433616,5754.913496,1584.062609,85.45751116,6568.573112,2289.636311,4278.936801,-681.4960961,4369.045245,5050.541341,-1037.850534,18903.59425,5369.108641,4558.195162,835.7816281,58.60913757,4079.151763,1512.982189,2561.225945,-843.1996909,3132.743433,3975.943124
2033q2,41987.93569,41882.94994,42171.68027,27552.57504,27501.61243,27673.14863,21758.61041,178.1559552,155.3310334,61.98231418,4.237824418,-0.435706094,21859.203,111.6226841,150.121184,120.5547356,93.22853041,0.329,150.3774581,149.9418237,141.1707314,388.4716822,396.8798514,210.2430031,739.0478573,152.3920564,221.4245734,69.17185165,70.30212433,72.56694155,2.910666667,555.1447516,194.9405443,4.237803985,178.1515477,178.1351166,61.98078069,61.97507794,170.6018343,170.5860996,164.1970947,133.2847648,110.1807375,287.4303062,287.4302422,141.0404584,4.36591562,3.133864344,3.348776536,41994.63103,36278.9796,21668.25402,17702.11,10677.84717,67.71857806,2907.865236,1353.123133,3568.846612,2780.293612,4829.716549,4182.931555,28577.93153,7484.676111,5809.3804,1588.851212,86.44449973,6614.126946,2301.391332,4312.735614,-688.7988933,4408.040311,5096.839205,-1051.236039,19004.1326,5395.200352,4590.48316,832.9895243,59.01194507,4081.272754,1513.03793,2563.224576,-850.1188163,3148.160737,3998.279554
2033q3,42379.37103,42272.59813,42570.88172,27674.05728,27622.26284,27799.11524,21872.54935,178.3405762,155.8765584,61.97582649,4.232770586,-0.449863099,21976.78531,111.7480366,150.9342032,120.8964248,93.62487279,0.329,151.1106407,150.6744981,141.9304281,390.6448956,399.109815,211.2708933,744.7191297,153.1375418,223.0356504,69.61984361,70.75804304,73.03064244,3.204222222,560.1491405,194.4756246,4.232751144,178.3183961,178.3037155,61.96789132,61.96275857,170.7706221,170.756563,164.3325062,133.8311574,110.304207,287.7593416,287.7594859,141.2238898,4.367813191,3.131071928,3.346128768,42386.13284,36629.26899,21871.7962,17864.94604,10788.35527,67.86409617,2937.410113,1363.529252,3611.598407,2807.953399,4873.021107,4217.888686,28860.98133,7545.511707,5863.945489,1593.885805,87.68041404,6659.601636,2312.562045,4347.039591,-686.7236453,4448.099126,5134.822772,-1053.933499,19099.23827,5421.566941,4622.69102,830.3402749,59.58786428,4083.11255,1512.657289,2565.345535,-849.6754562,3164.001971,4013.677428
2033q4,42774.19774,42662.32967,42972.46809,27796.17759,27741.40778,27925.02064,21987.4054,178.5236393,156.4219772,61.97084973,4.227645863,-0.461389254,22094.65667,111.8723892,151.7533145,121.2385457,94.02239734,0.329,151.8469057,151.4102971,142.6937949,392.8302919,401.3526125,212.3039621,750.4320498,153.8851793,224.6582423,70.07042378,71.21650171,73.49696582,3.563,565.1984849,194.0182675,4.227627375,178.4838909,178.4703204,61.95579417,61.95117442,170.9382571,170.9252603,164.4680381,134.3797926,110.4264593,288.0826456,288.0822229,141.4057171,4.369763271,3.128643722,3.343847419,42781.02558,36981.56318,22076.61124,18024.66083,10911.82209,68.01684526,2967.171272,1374.210148,3656.872966,2845.55086,4943.796484,4283.56542,29143.39965,7609.950757,5921.296335,1599.170744,89.48367741,6704.473965,2322.81981,4381.654155,-683.6266294,4489.375101,5173.00173,-1058.968981,19192.62004,5450.343974,4656.921477,827.8333877,60.53624656,4084.492839,1511.78558,2567.465334,-848.4960969,3180.533881,4029.029978
2034q1,43170.17581,43057.89264,43377.00723,27917.25298,27862.56537,28051.00655,22101.45422,178.7053812,156.9678896,61.96764819,4.222429588,-0.476822706,22212.9601,111.9958291,152.5763344,121.5808598,94.42164525,0.329,152.5863598,152.1492952,143.4608743,395.0279617,403.6082898,213.3421704,756.1871832,154.636188,226.2924692,70.52369156,71.6776142,73.96603741,3.820222222,570.2931725,193.5669486,4.222412012,178.6396249,178.6277809,61.94458719,61.94042914,171.0967239,171.08538,164.603662,134.9306805,110.5476044,288.3861739,288.3864115,141.5858059,4.371722456,3.12653259,3.341885254,43177.06913,37408.73502,22282.98967,18189.84929,11033.62827,68.17698663,2996.952212,1385.165604,3704.80086,2878.532604,4987.104282,4317.059412,29427.28698,7675.62672,5977.042202,1607.901126,90.68339159,6749.412146,2332.895373,4416.516773,-682.1500354,4530.95454,5213.104576,-1058.560602,19285.66028,5479.76065,4689.702299,827.0937341,61.0738256,4085.671758,1510.75401,2569.532755,-848.5639313,3197.132929,4045.69686
2034q2,43571.47945,43457.34856,43784.30756,28039.95562,27984.42846,28176.91886,22217.4237,178.8865097,157.5128215,61.96610558,4.217165628,-0.486083085,22331.51622,112.1186865,153.4047059,121.9227273,94.82157968,0.329,153.329021,152.891559,144.23171,397.2379931,405.8768954,214.3857174,761.9850599,155.3906862,227.9384455,70.97987169,72.14161518,74.43808093,3.003555556,575.4336119,193.1202204,4.217148924,178.7943166,178.7835645,61.93434691,61.93060441,171.254294,171.2439954,164.7393495,135.4838313,110.6679819,288.6836231,288.6837069,141.7636962,4.373680555,3.124696782,3.340200192,43578.43855,37773.5838,22490.832,18356.42053,11158.76552,68.3436978,3027.082378,1396.372874,3752.771556,2914.195015,5040.081863,4361.636895,29713.71234,7743.625371,6033.841723,1617.754586,92.02906144,6794.711442,2343.219135,4451.492306,-680.5697114,4572.678228,5253.247939,-1061.833386,19379.05307,5510.570975,4723.130013,826.8878602,61.69569677,4086.824962,1509.843943,2571.463516,-848.5277033,3213.687681,4062.215384
2034q3,43977.43802,43861.84334,44194.71676,28163.66732,28107.55642,28302.81517,22334.67788,179.0664508,158.0576096,61.96571447,4.211850012,-0.491639624,22450.30769,112.2405659,154.23794,122.2639721,95.22246643,0.329,154.0749637,153.6371486,145.0063405,399.4604724,408.1584797,215.4346431,767.8261046,156.1495437,229.5962808,71.42516986,72.59498437,74.89943866,3.276888889,580.6202264,192.8486048,4.211834161,178.9473586,178.9376518,61.9250916,61.92172308,171.4103926,171.4010947,164.8750726,136.0392548,110.7872098,288.9739101,288.9739544,141.9391989,4.375611282,3.123099528,3.338754907,43984.46324,38130.42243,22700.31607,18524.45304,11275.90909,68.51676656,3057.506919,1407.827863,3797.058626,2944.998917,5087.982989,4400.704198,30002.65464,7813.245269,6090.849279,1629.056583,93.33940681,6840.246453,2353.791456,4486.454997,-678.7083433,4613.381905,5292.090248,-1064.381733,19472.76437,5542.247956,4756.531365,827.3580988,62.29518912,4087.849858,1509.059449,2573.155929,-848.3236224,3229.638446,4077.962068
2034q4,44387.24409,44267.8778,44608.04223,28287.82687,28229.66681,28428.54072,22452.6404,179.2438438,158.6026059,61.96596743,4.206467756,-0.494973847,22569.22117,112.3607329,155.0788606,122.6046574,95.62445778,0.329,154.8242442,154.3861175,145.7848056,401.6954829,410.453094,216.4889981,773.7106589,156.9128809,231.2660808,71.84538054,73.02370747,75.33602668,3.639555556,585.8534505,192.5781216,4.206452748,179.0995686,179.0906358,61.91678703,61.9137551,171.5658299,171.5572728,165.0108036,136.5969606,110.9045776,289.2584988,289.2582359,142.1125339,4.37748946,3.121669028,3.337516444,44394.33573,38493.37915,22911.34207,18690.58313,11394.88741,68.69491883,3088.162219,1419.510543,3838.42051,2980.099216,5151.583443,4457.734426,30289.53576,7887.444494,6151.055684,1641.469378,94.91943153,6887.477954,2365.910808,4521.567146,-677.2141194,4653.896306,5331.110425,-1069.670187,19563.81956,5576.84189,4792.212667,828.3152049,63.06731061,4089.622416,1509.228729,2574.71041,-848.4928442,3245.440707,4093.933551
2035q1,44800.85896,44680.58729,45024.61992,28412.40436,28354.03539,28554.31206,22571.22862,179.4184348,159.1492652,61.96688261,4.201029887,-0.496974671,22688.42284,112.4790642,155.9247866,122.9450569,96.02837713,0.329,155.5769461,155.138515,146.5671441,403.9431075,412.760793,217.5487886,779.6390096,157.6806327,232.9479482,72.24006073,73.4271944,75.74740645,3.902888889,591.1337271,192.3075558,4.201511896,179.2508371,179.2430038,61.90940422,61.90667523,171.7195919,171.7120877,165.1465151,137.1569584,111.019979,289.5373318,289.5374419,142.2841272,4.379299998,3.120277506,3.336282576,44808.01741,38931.84704,23124.08152,18861.34627,11513.62449,68.8780471,3119.044807,1431.419086,3877.151637,3017.130913,5203.299557,4499.903445,30592.79399,7960.583509,6209.017666,1655.603032,95.96281067,6934.433725,2378.348713,4556.085012,-686.9522614,4693.529371,5380.481632,-1080.868527,19664.09211,5610.345003,4825.941555,830.0565304,63.47979709,4091.001165,1509.564527,2575.737647,-857.3021799,3260.5963,4117.89848
2035q2,45218.27005,45095.75732,45444.6642,28537.39928,28477.98095,28680.27737,22690.42023,179.5915182,159.6972823,61.96867949,4.195610841,-0.498175434,22808.02022,112.5963702,156.7785732,123.2858728,96.4339987,0.329,156.3330753,155.8943861,147.353394,406.2034275,415.0816326,218.6140323,785.6114344,158.4526663,234.6419838,72.60874514,73.80485662,76.1331233,3.203222222,596.4615024,192.0357646,4.196295752,179.4007758,179.3937133,61.90293899,61.90048265,171.8725887,171.8658225,165.2821798,137.7192575,111.1342401,289.8097873,289.8098781,142.4537846,4.381040838,3.119065538,3.335192503,45225.49573,39306.93773,23338.64359,19033.60714,11635.85915,69.06604428,3150.153494,1443.548895,3917.025622,3056.065096,5261.713756,4549.967911,30896.34776,8036.32219,6269.69193,1669.413541,97.2167195,6982.132122,2391.345922,4590.7862,-696.5320283,4733.284533,5429.816561,-1095.771164,19763.15486,5645.383927,4861.615343,831.5457595,64.02424103,4092.571151,1510.199248,2576.681554,-866.0428226,3275.771932,4141.814754
2035q3,45639.6256,45515.52111,45868.46159,28662.91502,28602.8668,28806.63019,22810.33451,179.7628222,160.2479859,61.97115262,4.190226593,-0.498896147,22928.22295,112.7125787,157.6401399,123.6275538,96.84227574,0.329,157.0926719,156.6537721,148.1435928,408.4765242,417.4156716,219.6847599,791.628242,159.2288348,236.3482865,72.96528195,74.17016921,76.50691044,3.290888889,601.8372217,191.8123037,4.190883852,179.549391,179.5429652,61.89736707,61.89515612,172.0246845,172.0185281,165.4177707,138.2838674,111.2473081,290.0759749,290.075955,142.6216088,4.382719699,3.118072795,3.334309353,45646.91902,39675.42665,23555.17451,19207.40626,11751.34398,69.25880671,3181.498253,1455.898645,3955.608094,3089.080176,5313.341317,4592.454484,31203.05341,8112.721937,6330.962654,1683.494479,98.2648035,7030.194997,2404.471716,4625.723281,-706.3447392,4772.80762,5479.152359,-1110.207143,19862.83194,5680.609098,4897.606121,833.0790177,64.43969097,4094.105346,1510.86033,2577.567868,-874.9749238,3290.726821,4165.701745
2035q4,46064.81615,45936.21456,46295.98534,28788.86749,28726.37897,28933.33999,22930.70626,179.9313661,160.8020915,61.97409656,4.184868262,-0.499328806,23048.9274,112.8271022,158.5127702,123.9700004,97.2532811,0.329,157.8557759,157.4167111,148.9377777,410.7624781,419.7629708,220.7609986,797.6897831,160.0091291,238.0669542,73.32381923,74.53701125,76.88279362,3.593555556,607.2613303,191.5855393,4.185355734,179.696999,179.6911767,61.89264613,61.89065604,172.1760404,172.1704617,165.5532609,138.850797,111.3586322,290.3365913,290.3365196,142.7875305,4.384356922,3.117286914,3.333638825,46072.17781,40046.22177,23773.65942,19382.51058,11869.46332,69.45539424,3213.058743,1468.458038,3993.786477,3124.704667,5378.049523,4650.718439,31513.82863,8192.677911,6395.171689,1697.883338,99.62288326,7079.296267,2418.265479,4661.030789,-720.9866602,4812.657491,5533.644151,-1132.433766,19963.68422,5718.039379,4935.727108,834.6737961,65.04702693,4095.986001,1511.882328,2578.465814,-887.5912851,3305.756785,4193.34807
2036q1,46493.94663,46363.92866,46727.39135,28915.29706,28852.31042,29060.47991,23051.47377,180.0965723,161.3605386,61.97750446,4.179535083,-0.499588613,23170.21301,112.93957,159.3931001,124.3130754,97.66768028,0.329,158.6224526,158.183239,149.7359848,413.0613698,422.1235936,221.8427252,803.7964468,160.7935984,239.7980837,73.6843459,74.90546076,77.26077057,3.926888889,612.7514078,191.3545664,4.179790963,179.8402419,179.8350372,61.88873737,61.88694605,172.3232957,172.3183086,165.6886238,139.4395964,111.4678691,290.5863806,290.5863816,142.9525804,4.385980821,3.116675375,3.333152496,46501.3771,40496.30259,23994.17731,19559.4765,11991.47593,69.65549838,3244.831497,1481.223462,4034.19199,3161.573485,5430.102622,4693.056392,31832.88951,8271.154016,6457.255014,1713.40406,100.4949423,7128.338427,2431.646105,4696.692322,-738.4353227,4852.998275,5591.433598,-1151.79318,20068.33774,5754.184274,4972.113243,836.7310161,65.33672638,4097.541603,1512.552881,2579.364587,-902.3306817,3320.964087,4223.294769
2036q2,46926.74305,46793.80414,47162.43482,29042.03031,28977.6194,29187.89527,23172.4538,180.2594672,161.9215663,61.98146992,4.174266895,-0.499744693,23291.90444,113.0505708,160.2816606,124.6562864,98.0842367,0.329,159.3926984,158.9533894,150.5382501,415.3732802,424.4976053,222.9300132,809.9486455,161.5821709,241.5417708,74.04690046,75.27562873,77.64088406,3.357222222,618.2755167,191.1185499,4.174269104,179.9816818,179.9770232,61.88561521,61.8840028,172.468762,172.464298,165.8238326,140.0387437,111.5756346,290.8295913,290.8296411,143.1154947,4.387605502,3.116199163,3.332814465,46934.24286,40880.59223,24216.60129,19738.0537,12117.63989,69.85910616,3276.795271,1494.179383,4075.822505,3200.983626,5488.616496,4743.199737,32147.52364,8349.675449,6520.274604,1728.034546,101.3662991,7178.474149,2445.230054,4733.244095,-748.930184,4893.651892,5642.582076,-1168.350801,20168.7555,5790.153548,5009.162935,838.2647854,65.61772392,4099.390287,1513.210197,2580.555245,-911.7858916,3336.201443,4247.987335
2036q3,47363.06376,47227.9302,47600.99186,29168.90324,29103.53052,29315.43307,23293.50424,180.4205901,162.4838554,61.98593813,4.169059825,-0.499838528,23413.86292,113.1592712,161.1767155,124.9993869,98.50310169,0.329,160.1665483,159.7271939,151.344609,417.6982896,426.8850729,224.022896,816.1467952,162.3751958,243.2981108,74.41157519,75.64766631,78.02323112,3.444888889,623.847809,190.8767237,4.168869756,180.1222408,180.118019,61.88325119,61.88179979,172.6131792,172.6091334,165.9588606,140.6436211,111.6811277,291.0678372,291.0678416,143.2763418,4.389208033,3.115800627,3.332569075,47370.63343,41259.86235,24440.8666,19918.25915,12236.5045,70.06630432,3308.940045,1507.314831,4116.070109,3234.113211,5539.931946,4785.278732,32464.28312,8427.503267,6582.753377,1742.734002,102.0158885,7229.43756,2459.022845,4770.414715,-758.1601852,4934.880552,5693.040737,-1182.875539,20269.07833,5825.370018,5045.651346,839.7452266,65.76591952,4101.362483,1513.843018,2581.885353,-920.2747237,3351.613199,4271.887923
2036q4,47802.98094,47662.82005,48043.14623,29295.83853,29227.77669,29443.02273,23414.65093,180.5799549,163.0470157,61.9908543,4.163894892,-0.499894991,23536.0207,113.2656033,162.0801854,125.3425343,98.92406883,0.329,160.9440323,160.5046822,152.1550959,420.0364773,429.2860632,225.121397,822.3913036,163.173281,245.0671985,74.77847053,76.02172264,78.40793067,3.613888889,629.4701198,190.6283915,4.163672491,180.2619263,180.2580999,61.88161418,61.8803077,172.75641,172.7527429,166.0936812,141.2523804,111.7843027,291.3012672,291.3012339,143.4359604,4.39077296,3.115408276,3.332342871,47810.62101,41669.63475,24667.01496,20100.00253,12358.25955,70.27676133,3341.277663,1520.626099,4156.447687,3269.631344,5607.851234,4846.618107,32779.5868,8508.824224,6647.974469,1758.000619,102.8491365,7281.628267,2473.406723,4808.221545,-767.0583442,4976.503181,5743.561525,-1200.146377,20367.07191,5862.655241,5084.022981,841.4089847,66.03227487,4103.618736,1514.622322,2583.357503,-928.4679635,3367.074661,4295.542625
